[debug] [2025-06-12T10:37:24.514Z] ----------------------------------------------------------------------
[debug] [2025-06-12T10:37:24.517Z] Command:       C:\Program Files\nodejs\node.exe C:\Users\dell\AppData\Roaming\npm\node_modules\firebase-tools\lib\bin\firebase.js deploy --only functions:uploadFile
[debug] [2025-06-12T10:37:24.518Z] CLI Version:   14.6.0
[debug] [2025-06-12T10:37:24.518Z] Platform:      win32
[debug] [2025-06-12T10:37:24.518Z] Node Version:  v22.15.0
[debug] [2025-06-12T10:37:24.518Z] Time:          Thu Jun 12 2025 12:37:24 GMT+0200 (heure d’été d’Europe centrale)
[debug] [2025-06-12T10:37:24.518Z] ----------------------------------------------------------------------
[debug] 
[debug] [2025-06-12T10:37:24.786Z] > command requires scopes: ["email","openid","https://www.googleapis.com/auth/cloudplatformprojects.readonly","https://www.googleapis.com/auth/firebase","https://www.googleapis.com/auth/cloud-platform"]
[debug] [2025-06-12T10:37:24.787Z] > authorizing via signed-in user (talhayouness2025@gmail.com)
[debug] [2025-06-12T10:37:24.787Z] [iam] checking project fruitsforyou-10acc for permissions ["cloudfunctions.functions.create","cloudfunctions.functions.delete","cloudfunctions.functions.get","cloudfunctions.functions.list","cloudfunctions.functions.update","cloudfunctions.operations.get","firebase.projects.get"]
[debug] [2025-06-12T10:37:24.789Z] Checked if tokens are valid: true, expires at: 1749725828431
[debug] [2025-06-12T10:37:24.789Z] Checked if tokens are valid: true, expires at: 1749725828431
[debug] [2025-06-12T10:37:24.791Z] >>> [apiv2][query] POST https://cloudresourcemanager.googleapis.com/v1/projects/fruitsforyou-10acc:testIamPermissions [none]
[debug] [2025-06-12T10:37:24.791Z] >>> [apiv2][(partial)header] POST https://cloudresourcemanager.googleapis.com/v1/projects/fruitsforyou-10acc:testIamPermissions x-goog-quota-user=projects/fruitsforyou-10acc
[debug] [2025-06-12T10:37:24.791Z] >>> [apiv2][body] POST https://cloudresourcemanager.googleapis.com/v1/projects/fruitsforyou-10acc:testIamPermissions {"permissions":["cloudfunctions.functions.create","cloudfunctions.functions.delete","cloudfunctions.functions.get","cloudfunctions.functions.list","cloudfunctions.functions.update","cloudfunctions.operations.get","firebase.projects.get"]}
[debug] [2025-06-12T10:37:25.556Z] <<< [apiv2][status] POST https://cloudresourcemanager.googleapis.com/v1/projects/fruitsforyou-10acc:testIamPermissions 200
[debug] [2025-06-12T10:37:25.556Z] <<< [apiv2][body] POST https://cloudresourcemanager.googleapis.com/v1/projects/fruitsforyou-10acc:testIamPermissions {"permissions":["cloudfunctions.functions.create","cloudfunctions.functions.delete","cloudfunctions.functions.get","cloudfunctions.functions.list","cloudfunctions.functions.update","cloudfunctions.operations.get","firebase.projects.get"]}
[debug] [2025-06-12T10:37:25.556Z] Checked if tokens are valid: true, expires at: 1749725828431
[debug] [2025-06-12T10:37:25.556Z] Checked if tokens are valid: true, expires at: 1749725828431
[debug] [2025-06-12T10:37:25.556Z] >>> [apiv2][query] POST https://iam.googleapis.com/v1/projects/fruitsforyou-10acc/serviceAccounts/fruitsforyou-10acc@appspot.gserviceaccount.com:testIamPermissions [none]
[debug] [2025-06-12T10:37:25.556Z] >>> [apiv2][body] POST https://iam.googleapis.com/v1/projects/fruitsforyou-10acc/serviceAccounts/fruitsforyou-10acc@appspot.gserviceaccount.com:testIamPermissions {"permissions":["iam.serviceAccounts.actAs"]}
[debug] [2025-06-12T10:37:26.253Z] <<< [apiv2][status] POST https://iam.googleapis.com/v1/projects/fruitsforyou-10acc/serviceAccounts/fruitsforyou-10acc@appspot.gserviceaccount.com:testIamPermissions 200
[debug] [2025-06-12T10:37:26.253Z] <<< [apiv2][body] POST https://iam.googleapis.com/v1/projects/fruitsforyou-10acc/serviceAccounts/fruitsforyou-10acc@appspot.gserviceaccount.com:testIamPermissions {"permissions":["iam.serviceAccounts.actAs"]}
[info] 
[info] === Deploying to 'fruitsforyou-10acc'...
[info] 
[info] i  deploying functions 
[debug] [2025-06-12T10:37:26.297Z] Checked if tokens are valid: true, expires at: 1749725828431
[debug] [2025-06-12T10:37:26.297Z] Checked if tokens are valid: true, expires at: 1749725828431
[debug] [2025-06-12T10:37:26.298Z] >>> [apiv2][query] GET https://serviceusage.googleapis.com/v1/projects/fruitsforyou-10acc/services/cloudresourcemanager.googleapis.com [none]
[debug] [2025-06-12T10:37:26.298Z] >>> [apiv2][(partial)header] GET https://serviceusage.googleapis.com/v1/projects/fruitsforyou-10acc/services/cloudresourcemanager.googleapis.com x-goog-quota-user=projects/fruitsforyou-10acc
[debug] [2025-06-12T10:37:27.201Z] <<< [apiv2][status] GET https://serviceusage.googleapis.com/v1/projects/fruitsforyou-10acc/services/cloudresourcemanager.googleapis.com 200
[debug] [2025-06-12T10:37:27.201Z] <<< [apiv2][body] GET https://serviceusage.googleapis.com/v1/projects/fruitsforyou-10acc/services/cloudresourcemanager.googleapis.com [omitted]
[debug] [2025-06-12T10:37:27.202Z] Checked if tokens are valid: true, expires at: 1749725828431
[debug] [2025-06-12T10:37:27.202Z] Checked if tokens are valid: true, expires at: 1749725828431
[debug] [2025-06-12T10:37:27.202Z] >>> [apiv2][query] GET https://cloudresourcemanager.googleapis.com/v1/projects/fruitsforyou-10acc [none]
[debug] [2025-06-12T10:37:27.404Z] <<< [apiv2][status] GET https://cloudresourcemanager.googleapis.com/v1/projects/fruitsforyou-10acc 200
[debug] [2025-06-12T10:37:27.405Z] <<< [apiv2][body] GET https://cloudresourcemanager.googleapis.com/v1/projects/fruitsforyou-10acc {"projectNumber":"774475210821","projectId":"fruitsforyou-10acc","lifecycleState":"ACTIVE","name":"fruitsforyou","labels":{"firebase":"enabled","firebase-core":"disabled"},"createTime":"2025-04-18T07:25:57.747901Z"}
[info] i  functions: preparing codebase default for deployment 
[info] i  functions: ensuring required API cloudfunctions.googleapis.com is enabled... 
[debug] [2025-06-12T10:37:27.410Z] Checked if tokens are valid: true, expires at: 1749725828431
[debug] [2025-06-12T10:37:27.410Z] Checked if tokens are valid: true, expires at: 1749725828431
[debug] [2025-06-12T10:37:27.411Z] Checked if tokens are valid: true, expires at: 1749725828431
[debug] [2025-06-12T10:37:27.411Z] Checked if tokens are valid: true, expires at: 1749725828431
[info] i  functions: ensuring required API cloudbuild.googleapis.com is enabled... 
[debug] [2025-06-12T10:37:27.412Z] Checked if tokens are valid: true, expires at: 1749725828431
[debug] [2025-06-12T10:37:27.413Z] Checked if tokens are valid: true, expires at: 1749725828431
[info] i  artifactregistry: ensuring required API artifactregistry.googleapis.com is enabled... 
[debug] [2025-06-12T10:37:27.415Z] Checked if tokens are valid: true, expires at: 1749725828431
[debug] [2025-06-12T10:37:27.415Z] Checked if tokens are valid: true, expires at: 1749725828431
[debug] [2025-06-12T10:37:27.416Z] >>> [apiv2][query] GET https://serviceusage.googleapis.com/v1/projects/fruitsforyou-10acc/services/cloudfunctions.googleapis.com [none]
[debug] [2025-06-12T10:37:27.417Z] >>> [apiv2][(partial)header] GET https://serviceusage.googleapis.com/v1/projects/fruitsforyou-10acc/services/cloudfunctions.googleapis.com x-goog-quota-user=projects/fruitsforyou-10acc
[debug] [2025-06-12T10:37:27.419Z] >>> [apiv2][query] GET https://serviceusage.googleapis.com/v1/projects/fruitsforyou-10acc/services/runtimeconfig.googleapis.com [none]
[debug] [2025-06-12T10:37:27.419Z] >>> [apiv2][(partial)header] GET https://serviceusage.googleapis.com/v1/projects/fruitsforyou-10acc/services/runtimeconfig.googleapis.com x-goog-quota-user=projects/fruitsforyou-10acc
[debug] [2025-06-12T10:37:27.426Z] >>> [apiv2][query] GET https://serviceusage.googleapis.com/v1/projects/fruitsforyou-10acc/services/cloudbuild.googleapis.com [none]
[debug] [2025-06-12T10:37:27.426Z] >>> [apiv2][(partial)header] GET https://serviceusage.googleapis.com/v1/projects/fruitsforyou-10acc/services/cloudbuild.googleapis.com x-goog-quota-user=projects/fruitsforyou-10acc
[debug] [2025-06-12T10:37:27.433Z] >>> [apiv2][query] GET https://serviceusage.googleapis.com/v1/projects/fruitsforyou-10acc/services/artifactregistry.googleapis.com [none]
[debug] [2025-06-12T10:37:27.433Z] >>> [apiv2][(partial)header] GET https://serviceusage.googleapis.com/v1/projects/fruitsforyou-10acc/services/artifactregistry.googleapis.com x-goog-quota-user=projects/fruitsforyou-10acc
[debug] [2025-06-12T10:37:28.256Z] <<< [apiv2][status] GET https://serviceusage.googleapis.com/v1/projects/fruitsforyou-10acc/services/cloudfunctions.googleapis.com 200
[debug] [2025-06-12T10:37:28.257Z] <<< [apiv2][body] GET https://serviceusage.googleapis.com/v1/projects/fruitsforyou-10acc/services/cloudfunctions.googleapis.com [omitted]
[info] +  functions: required API cloudfunctions.googleapis.com is enabled 
[debug] [2025-06-12T10:37:28.302Z] <<< [apiv2][status] GET https://serviceusage.googleapis.com/v1/projects/fruitsforyou-10acc/services/runtimeconfig.googleapis.com 200
[debug] [2025-06-12T10:37:28.302Z] <<< [apiv2][body] GET https://serviceusage.googleapis.com/v1/projects/fruitsforyou-10acc/services/runtimeconfig.googleapis.com [omitted]
[debug] [2025-06-12T10:37:28.319Z] <<< [apiv2][status] GET https://serviceusage.googleapis.com/v1/projects/fruitsforyou-10acc/services/cloudbuild.googleapis.com 200
[debug] [2025-06-12T10:37:28.319Z] <<< [apiv2][body] GET https://serviceusage.googleapis.com/v1/projects/fruitsforyou-10acc/services/cloudbuild.googleapis.com [omitted]
[info] +  functions: required API cloudbuild.googleapis.com is enabled 
[debug] [2025-06-12T10:37:28.321Z] <<< [apiv2][status] GET https://serviceusage.googleapis.com/v1/projects/fruitsforyou-10acc/services/artifactregistry.googleapis.com 200
[debug] [2025-06-12T10:37:28.321Z] <<< [apiv2][body] GET https://serviceusage.googleapis.com/v1/projects/fruitsforyou-10acc/services/artifactregistry.googleapis.com [omitted]
[info] +  artifactregistry: required API artifactregistry.googleapis.com is enabled 
[debug] [2025-06-12T10:37:28.322Z] Checked if tokens are valid: true, expires at: 1749725828431
[debug] [2025-06-12T10:37:28.322Z] Checked if tokens are valid: true, expires at: 1749725828431
[debug] [2025-06-12T10:37:28.322Z] >>> [apiv2][query] GET https://firebase.googleapis.com/v1beta1/projects/fruitsforyou-10acc/adminSdkConfig [none]
[debug] [2025-06-12T10:37:28.838Z] <<< [apiv2][status] GET https://firebase.googleapis.com/v1beta1/projects/fruitsforyou-10acc/adminSdkConfig 200
[debug] [2025-06-12T10:37:28.838Z] <<< [apiv2][body] GET https://firebase.googleapis.com/v1beta1/projects/fruitsforyou-10acc/adminSdkConfig {"projectId":"fruitsforyou-10acc","storageBucket":"fruitsforyou-10acc.firebasestorage.app"}
[debug] [2025-06-12T10:37:28.839Z] Checked if tokens are valid: true, expires at: 1749725828431
[debug] [2025-06-12T10:37:28.839Z] Checked if tokens are valid: true, expires at: 1749725828431
[debug] [2025-06-12T10:37:28.839Z] >>> [apiv2][query] GET https://runtimeconfig.googleapis.com/v1beta1/projects/fruitsforyou-10acc/configs [none]
[debug] [2025-06-12T10:37:29.143Z] <<< [apiv2][status] GET https://runtimeconfig.googleapis.com/v1beta1/projects/fruitsforyou-10acc/configs 200
[debug] [2025-06-12T10:37:29.143Z] <<< [apiv2][body] GET https://runtimeconfig.googleapis.com/v1beta1/projects/fruitsforyou-10acc/configs {}
[debug] [2025-06-12T10:37:29.146Z] Validating nodejs source
[warn] !  functions: Runtime Node.js 18 was deprecated on 2025-04-30 and will be decommissioned on 2025-10-30, after which you will not be able to deploy without upgrading. Consider upgrading now to avoid disruption. See https://cloud.google.com/functions/docs/runtime-support for full details on the lifecycle policy 
[debug] [2025-06-12T10:37:30.311Z] > [functions] package.json contents: {
  "name": "functions",
  "scripts": {
    "serve": "firebase emulators:start --only functions",
    "shell": "firebase functions:shell",
    "start": "npm run shell",
    "deploy": "firebase deploy --only functions",
    "logs": "firebase functions:log"
  },
  "engines": {
    "node": "18"
  },
  "main": "src/index.js",
  "dependencies": {
    "cors": "^2.8.5",
    "firebase-admin": "^11.8.0",
    "firebase-functions": "^4.3.1"
  },
  "private": true
}
[debug] [2025-06-12T10:37:30.311Z] Building nodejs source
[info] i  functions: Loading and analyzing source code for codebase default to determine what to deploy 
[debug] [2025-06-12T10:37:30.313Z] Could not find functions.yaml. Must use http discovery
[debug] [2025-06-12T10:37:30.322Z] Found firebase-functions binary at 'C:\Users\dell\Desktop\fruitsforyou\functions\node_modules\.bin\firebase-functions'
[info] Serving at port 8906

[debug] [2025-06-12T10:37:31.217Z] Got response from /__/functions.yaml {"endpoints":{"uploadFile":{"availableMemoryMb":null,"timeoutSeconds":null,"minInstances":null,"maxInstances":null,"ingressSettings":null,"concurrency":null,"serviceAccountEmail":null,"vpc":null,"platform":"gcfv2","labels":{},"httpsTrigger":{},"entryPoint":"uploadFile"}},"specVersion":"v1alpha1","requiredAPIs":[],"extensions":{}}
[info] i  extensions: ensuring required API firebaseextensions.googleapis.com is enabled... 
[debug] [2025-06-12T10:37:35.253Z] Checked if tokens are valid: true, expires at: 1749725828431
[debug] [2025-06-12T10:37:35.253Z] Checked if tokens are valid: true, expires at: 1749725828431
[debug] [2025-06-12T10:37:35.254Z] >>> [apiv2][query] GET https://serviceusage.googleapis.com/v1/projects/fruitsforyou-10acc/services/firebaseextensions.googleapis.com [none]
[debug] [2025-06-12T10:37:35.254Z] >>> [apiv2][(partial)header] GET https://serviceusage.googleapis.com/v1/projects/fruitsforyou-10acc/services/firebaseextensions.googleapis.com x-goog-quota-user=projects/fruitsforyou-10acc
[debug] [2025-06-12T10:37:36.126Z] <<< [apiv2][status] GET https://serviceusage.googleapis.com/v1/projects/fruitsforyou-10acc/services/firebaseextensions.googleapis.com 200
[debug] [2025-06-12T10:37:36.126Z] <<< [apiv2][body] GET https://serviceusage.googleapis.com/v1/projects/fruitsforyou-10acc/services/firebaseextensions.googleapis.com [omitted]
[info] +  extensions: required API firebaseextensions.googleapis.com is enabled 
[debug] [2025-06-12T10:37:36.127Z] > command requires scopes: ["email","openid","https://www.googleapis.com/auth/cloudplatformprojects.readonly","https://www.googleapis.com/auth/firebase","https://www.googleapis.com/auth/cloud-platform"]
[debug] [2025-06-12T10:37:36.127Z] > authorizing via signed-in user (talhayouness2025@gmail.com)
[debug] [2025-06-12T10:37:36.127Z] [iam] checking project fruitsforyou-10acc for permissions ["firebase.projects.get","firebaseextensions.instances.list"]
[debug] [2025-06-12T10:37:36.127Z] Checked if tokens are valid: true, expires at: 1749725828431
[debug] [2025-06-12T10:37:36.127Z] Checked if tokens are valid: true, expires at: 1749725828431
[debug] [2025-06-12T10:37:36.127Z] >>> [apiv2][query] POST https://cloudresourcemanager.googleapis.com/v1/projects/fruitsforyou-10acc:testIamPermissions [none]
[debug] [2025-06-12T10:37:36.128Z] >>> [apiv2][(partial)header] POST https://cloudresourcemanager.googleapis.com/v1/projects/fruitsforyou-10acc:testIamPermissions x-goog-quota-user=projects/fruitsforyou-10acc
[debug] [2025-06-12T10:37:36.128Z] >>> [apiv2][body] POST https://cloudresourcemanager.googleapis.com/v1/projects/fruitsforyou-10acc:testIamPermissions {"permissions":["firebase.projects.get","firebaseextensions.instances.list"]}
[debug] [2025-06-12T10:37:36.388Z] <<< [apiv2][status] POST https://cloudresourcemanager.googleapis.com/v1/projects/fruitsforyou-10acc:testIamPermissions 200
[debug] [2025-06-12T10:37:36.389Z] <<< [apiv2][body] POST https://cloudresourcemanager.googleapis.com/v1/projects/fruitsforyou-10acc:testIamPermissions {"permissions":["firebase.projects.get","firebaseextensions.instances.list"]}
[debug] [2025-06-12T10:37:36.389Z] Checked if tokens are valid: true, expires at: 1749725828431
[debug] [2025-06-12T10:37:36.389Z] Checked if tokens are valid: true, expires at: 1749725828431
[debug] [2025-06-12T10:37:36.390Z] >>> [apiv2][query] GET https://firebaseextensions.googleapis.com/v1beta/projects/fruitsforyou-10acc/instances pageSize=100&pageToken=
[debug] [2025-06-12T10:37:37.192Z] <<< [apiv2][status] GET https://firebaseextensions.googleapis.com/v1beta/projects/fruitsforyou-10acc/instances 200
[debug] [2025-06-12T10:37:37.192Z] <<< [apiv2][body] GET https://firebaseextensions.googleapis.com/v1beta/projects/fruitsforyou-10acc/instances {}
[info] i  functions: preparing functions directory for uploading... 
[info] i  functions: packaged C:\Users\dell\Desktop\fruitsforyou\functions (89.77 KB) for uploading 
[debug] [2025-06-12T10:37:37.275Z] Checked if tokens are valid: true, expires at: 1749725828431
[debug] [2025-06-12T10:37:37.275Z] Checked if tokens are valid: true, expires at: 1749725828431
[debug] [2025-06-12T10:37:37.275Z] >>> [apiv2][query] GET https://cloudfunctions.googleapis.com/v1/projects/fruitsforyou-10acc/locations/-/functions [none]
[debug] [2025-06-12T10:37:37.918Z] <<< [apiv2][status] GET https://cloudfunctions.googleapis.com/v1/projects/fruitsforyou-10acc/locations/-/functions 200
[debug] [2025-06-12T10:37:37.918Z] <<< [apiv2][body] GET https://cloudfunctions.googleapis.com/v1/projects/fruitsforyou-10acc/locations/-/functions {}
[debug] [2025-06-12T10:37:37.918Z] Checked if tokens are valid: true, expires at: 1749725828431
[debug] [2025-06-12T10:37:37.919Z] Checked if tokens are valid: true, expires at: 1749725828431
[debug] [2025-06-12T10:37:37.919Z] >>> [apiv2][query] GET https://cloudfunctions.googleapis.com/v2/projects/fruitsforyou-10acc/locations/-/functions filter=environment%3D%22GEN_2%22
[debug] [2025-06-12T10:37:38.906Z] <<< [apiv2][status] GET https://cloudfunctions.googleapis.com/v2/projects/fruitsforyou-10acc/locations/-/functions 200
[debug] [2025-06-12T10:37:38.907Z] <<< [apiv2][body] GET https://cloudfunctions.googleapis.com/v2/projects/fruitsforyou-10acc/locations/-/functions {"functions":[{"name":"projects/fruitsforyou-10acc/locations/us-central1/functions/uploadFile","buildConfig":{"build":"projects/774475210821/locations/us-central1/builds/e4c0e608-c315-4984-ae8b-35306e034849","runtime":"nodejs18","entryPoint":"uploadFile","source":{"storageSource":{"bucket":"gcf-v2-sources-774475210821-us-central1","object":"uploadFile/function-source.zip","generation":"1749723864426169"}},"environmentVariables":{"GOOGLE_NODE_RUN_SCRIPTS":""},"dockerRepository":"projects/fruitsforyou-10acc/locations/us-central1/repositories/gcf-artifacts","sourceProvenance":{"resolvedStorageSource":{"bucket":"gcf-v2-sources-774475210821-us-central1","object":"uploadFile/function-source.zip","generation":"1749723864426169"}},"dockerRegistry":"ARTIFACT_REGISTRY","serviceAccount":"projects/fruitsforyou-10acc/serviceAccounts/774475210821-compute@developer.gserviceaccount.com","automaticUpdatePolicy":{}},"state":"UNKNOWN","updateTime":"2025-06-12T10:35:18.543793139Z","labels":{"deployment-tool":"cli-firebase","firebase-functions-hash":"c00aebec75c7a21b642515fca6d712eebee28193"},"stateMessages":[{"severity":"ERROR","type":"CloudRunServiceNotFound","message":"Cloud Run service projects/fruitsforyou-10acc/locations/us-central1/services/uploadfile for the function was not found. The function will not work correctly. Please redeploy."}],"environment":"GEN_2","url":"https://us-central1-fruitsforyou-10acc.cloudfunctions.net/uploadFile","createTime":"2025-06-12T10:24:24.720011709Z","satisfiesPzi":true}]}
[info] i  functions: ensuring required API run.googleapis.com is enabled... 
[debug] [2025-06-12T10:37:38.910Z] Checked if tokens are valid: true, expires at: 1749725828431
[debug] [2025-06-12T10:37:38.910Z] Checked if tokens are valid: true, expires at: 1749725828431
[info] i  functions: ensuring required API eventarc.googleapis.com is enabled... 
[debug] [2025-06-12T10:37:38.910Z] Checked if tokens are valid: true, expires at: 1749725828431
[debug] [2025-06-12T10:37:38.910Z] Checked if tokens are valid: true, expires at: 1749725828431
[info] i  functions: ensuring required API pubsub.googleapis.com is enabled... 
[debug] [2025-06-12T10:37:38.911Z] Checked if tokens are valid: true, expires at: 1749725828431
[debug] [2025-06-12T10:37:38.911Z] Checked if tokens are valid: true, expires at: 1749725828431
[info] i  functions: ensuring required API storage.googleapis.com is enabled... 
[debug] [2025-06-12T10:37:38.911Z] Checked if tokens are valid: true, expires at: 1749725828431
[debug] [2025-06-12T10:37:38.912Z] Checked if tokens are valid: true, expires at: 1749725828431
[debug] [2025-06-12T10:37:38.912Z] >>> [apiv2][query] GET https://serviceusage.googleapis.com/v1/projects/774475210821/services/run.googleapis.com [none]
[debug] [2025-06-12T10:37:38.912Z] >>> [apiv2][(partial)header] GET https://serviceusage.googleapis.com/v1/projects/774475210821/services/run.googleapis.com x-goog-quota-user=projects/774475210821
[debug] [2025-06-12T10:37:38.912Z] >>> [apiv2][query] GET https://serviceusage.googleapis.com/v1/projects/774475210821/services/eventarc.googleapis.com [none]
[debug] [2025-06-12T10:37:38.912Z] >>> [apiv2][(partial)header] GET https://serviceusage.googleapis.com/v1/projects/774475210821/services/eventarc.googleapis.com x-goog-quota-user=projects/774475210821
[debug] [2025-06-12T10:37:38.914Z] >>> [apiv2][query] GET https://serviceusage.googleapis.com/v1/projects/774475210821/services/pubsub.googleapis.com [none]
[debug] [2025-06-12T10:37:38.914Z] >>> [apiv2][(partial)header] GET https://serviceusage.googleapis.com/v1/projects/774475210821/services/pubsub.googleapis.com x-goog-quota-user=projects/774475210821
[debug] [2025-06-12T10:37:38.916Z] >>> [apiv2][query] GET https://serviceusage.googleapis.com/v1/projects/774475210821/services/storage.googleapis.com [none]
[debug] [2025-06-12T10:37:38.916Z] >>> [apiv2][(partial)header] GET https://serviceusage.googleapis.com/v1/projects/774475210821/services/storage.googleapis.com x-goog-quota-user=projects/774475210821
[debug] [2025-06-12T10:37:39.719Z] <<< [apiv2][status] GET https://serviceusage.googleapis.com/v1/projects/774475210821/services/run.googleapis.com 200
[debug] [2025-06-12T10:37:39.719Z] <<< [apiv2][body] GET https://serviceusage.googleapis.com/v1/projects/774475210821/services/run.googleapis.com [omitted]
[info] +  functions: required API run.googleapis.com is enabled 
[debug] [2025-06-12T10:37:39.794Z] <<< [apiv2][status] GET https://serviceusage.googleapis.com/v1/projects/774475210821/services/storage.googleapis.com 200
[debug] [2025-06-12T10:37:39.794Z] <<< [apiv2][body] GET https://serviceusage.googleapis.com/v1/projects/774475210821/services/storage.googleapis.com [omitted]
[info] +  functions: required API storage.googleapis.com is enabled 
[debug] [2025-06-12T10:37:39.795Z] <<< [apiv2][status] GET https://serviceusage.googleapis.com/v1/projects/774475210821/services/eventarc.googleapis.com 200
[debug] [2025-06-12T10:37:39.795Z] <<< [apiv2][body] GET https://serviceusage.googleapis.com/v1/projects/774475210821/services/eventarc.googleapis.com [omitted]
[info] +  functions: required API eventarc.googleapis.com is enabled 
[debug] [2025-06-12T10:37:39.800Z] <<< [apiv2][status] GET https://serviceusage.googleapis.com/v1/projects/774475210821/services/pubsub.googleapis.com 200
[debug] [2025-06-12T10:37:39.800Z] <<< [apiv2][body] GET https://serviceusage.googleapis.com/v1/projects/774475210821/services/pubsub.googleapis.com [omitted]
[info] +  functions: required API pubsub.googleapis.com is enabled 
[info] i  functions: generating the service identity for pubsub.googleapis.com... 
[debug] [2025-06-12T10:37:39.801Z] Checked if tokens are valid: true, expires at: 1749725828431
[debug] [2025-06-12T10:37:39.802Z] Checked if tokens are valid: true, expires at: 1749725828431
[info] i  functions: generating the service identity for eventarc.googleapis.com... 
[debug] [2025-06-12T10:37:39.802Z] Checked if tokens are valid: true, expires at: 1749725828431
[debug] [2025-06-12T10:37:39.802Z] Checked if tokens are valid: true, expires at: 1749725828431
[debug] [2025-06-12T10:37:39.802Z] >>> [apiv2][query] POST https://serviceusage.googleapis.com/v1beta1/projects/774475210821/services/pubsub.googleapis.com:generateServiceIdentity [none]
[debug] [2025-06-12T10:37:39.803Z] >>> [apiv2][query] POST https://serviceusage.googleapis.com/v1beta1/projects/774475210821/services/eventarc.googleapis.com:generateServiceIdentity [none]
[debug] [2025-06-12T10:37:40.628Z] <<< [apiv2][status] POST https://serviceusage.googleapis.com/v1beta1/projects/774475210821/services/pubsub.googleapis.com:generateServiceIdentity 200
[debug] [2025-06-12T10:37:40.628Z] <<< [apiv2][body] POST https://serviceusage.googleapis.com/v1beta1/projects/774475210821/services/pubsub.googleapis.com:generateServiceIdentity {"name":"operations/finished.DONE_OPERATION","done":true,"response":{"@type":"type.googleapis.com/google.api.serviceusage.v1beta1.ServiceIdentity","email":"service-774475210821@gcp-sa-pubsub.iam.gserviceaccount.com","uniqueId":"101710123647139036481"}}
[debug] [2025-06-12T10:37:40.631Z] <<< [apiv2][status] POST https://serviceusage.googleapis.com/v1beta1/projects/774475210821/services/eventarc.googleapis.com:generateServiceIdentity 200
[debug] [2025-06-12T10:37:40.631Z] <<< [apiv2][body] POST https://serviceusage.googleapis.com/v1beta1/projects/774475210821/services/eventarc.googleapis.com:generateServiceIdentity {"name":"operations/finished.DONE_OPERATION","done":true,"response":{"@type":"type.googleapis.com/google.api.serviceusage.v1beta1.ServiceIdentity","email":"service-774475210821@gcp-sa-eventarc.iam.gserviceaccount.com","uniqueId":"117805649815303862622"}}
[debug] [2025-06-12T10:37:40.633Z] Checked if tokens are valid: true, expires at: 1749725828431
[debug] [2025-06-12T10:37:40.634Z] Checked if tokens are valid: true, expires at: 1749725828431
[debug] [2025-06-12T10:37:40.634Z] >>> [apiv2][query] GET https://serviceusage.googleapis.com/v1/projects/fruitsforyou-10acc/services/cloudresourcemanager.googleapis.com [none]
[debug] [2025-06-12T10:37:40.634Z] >>> [apiv2][(partial)header] GET https://serviceusage.googleapis.com/v1/projects/fruitsforyou-10acc/services/cloudresourcemanager.googleapis.com x-goog-quota-user=projects/fruitsforyou-10acc
[debug] [2025-06-12T10:37:40.997Z] <<< [apiv2][status] GET https://serviceusage.googleapis.com/v1/projects/fruitsforyou-10acc/services/cloudresourcemanager.googleapis.com 200
[debug] [2025-06-12T10:37:40.997Z] <<< [apiv2][body] GET https://serviceusage.googleapis.com/v1/projects/fruitsforyou-10acc/services/cloudresourcemanager.googleapis.com [omitted]
[debug] [2025-06-12T10:37:40.998Z] Checked if tokens are valid: true, expires at: 1749725828431
[debug] [2025-06-12T10:37:40.998Z] Checked if tokens are valid: true, expires at: 1749725828431
[debug] [2025-06-12T10:37:40.998Z] >>> [apiv2][query] GET https://cloudresourcemanager.googleapis.com/v1/projects/fruitsforyou-10acc [none]
[debug] [2025-06-12T10:37:41.186Z] <<< [apiv2][status] GET https://cloudresourcemanager.googleapis.com/v1/projects/fruitsforyou-10acc 200
[debug] [2025-06-12T10:37:41.187Z] <<< [apiv2][body] GET https://cloudresourcemanager.googleapis.com/v1/projects/fruitsforyou-10acc {"projectNumber":"774475210821","projectId":"fruitsforyou-10acc","lifecycleState":"ACTIVE","name":"fruitsforyou","labels":{"firebase":"enabled","firebase-core":"disabled"},"createTime":"2025-04-18T07:25:57.747901Z"}
[debug] [2025-06-12T10:37:41.187Z] Checked if tokens are valid: true, expires at: 1749725828431
[debug] [2025-06-12T10:37:41.187Z] Checked if tokens are valid: true, expires at: 1749725828431
[debug] [2025-06-12T10:37:41.187Z] >>> [apiv2][query] GET https://compute.googleapis.com/compute/v1/projects/774475210821 [none]
[debug] [2025-06-12T10:37:41.436Z] <<< [apiv2][status] GET https://compute.googleapis.com/compute/v1/projects/774475210821 403
[debug] [2025-06-12T10:37:41.436Z] <<< [apiv2][body] GET https://compute.googleapis.com/compute/v1/projects/774475210821 {"error":{"code":403,"message":"Compute Engine API has not been used in project 774475210821 before or it is disabled. Enable it by visiting https://console.developers.google.com/apis/api/compute.googleapis.com/overview?project=774475210821 then retry. If you enabled this API recently, wait a few minutes for the action to propagate to our systems and retry.","errors":[{"message":"Compute Engine API has not been used in project 774475210821 before or it is disabled. Enable it by visiting https://console.developers.google.com/apis/api/compute.googleapis.com/overview?project=774475210821 then retry. If you enabled this API recently, wait a few minutes for the action to propagate to our systems and retry.","domain":"usageLimits","reason":"accessNotConfigured","extendedHelp":"https://console.developers.google.com"}],"status":"PERMISSION_DENIED","details":[{"@type":"type.googleapis.com/google.rpc.ErrorInfo","reason":"SERVICE_DISABLED","domain":"googleapis.com","metadata":{"service":"compute.googleapis.com","containerInfo":"774475210821","serviceTitle":"Compute Engine API","activationUrl":"https://console.developers.google.com/apis/api/compute.googleapis.com/overview?project=774475210821","consumer":"projects/774475210821"}},{"@type":"type.googleapis.com/google.rpc.LocalizedMessage","locale":"en-US","message":"Compute Engine API has not been used in project 774475210821 before or it is disabled. Enable it by visiting https://console.developers.google.com/apis/api/compute.googleapis.com/overview?project=774475210821 then retry. If you enabled this API recently, wait a few minutes for the action to propagate to our systems and retry."},{"@type":"type.googleapis.com/google.rpc.Help","links":[{"description":"Google developers console API activation","url":"https://console.developers.google.com/apis/api/compute.googleapis.com/overview?project=774475210821"}]}]}}
[debug] [2025-06-12T10:37:41.437Z] unable to look up default compute service account. Falling back to 774475210821-compute@developer.gserviceaccount.com. Error: {"name":"FirebaseError","children":[],"context":{"body":{"error":{"code":403,"message":"Compute Engine API has not been used in project 774475210821 before or it is disabled. Enable it by visiting https://console.developers.google.com/apis/api/compute.googleapis.com/overview?project=774475210821 then retry. If you enabled this API recently, wait a few minutes for the action to propagate to our systems and retry.","errors":[{"message":"Compute Engine API has not been used in project 774475210821 before or it is disabled. Enable it by visiting https://console.developers.google.com/apis/api/compute.googleapis.com/overview?project=774475210821 then retry. If you enabled this API recently, wait a few minutes for the action to propagate to our systems and retry.","domain":"usageLimits","reason":"accessNotConfigured","extendedHelp":"https://console.developers.google.com"}],"status":"PERMISSION_DENIED","details":[{"@type":"type.googleapis.com/google.rpc.ErrorInfo","reason":"SERVICE_DISABLED","domain":"googleapis.com","metadata":{"service":"compute.googleapis.com","containerInfo":"774475210821","serviceTitle":"Compute Engine API","activationUrl":"https://console.developers.google.com/apis/api/compute.googleapis.com/overview?project=774475210821","consumer":"projects/774475210821"}},{"@type":"type.googleapis.com/google.rpc.LocalizedMessage","locale":"en-US","message":"Compute Engine API has not been used in project 774475210821 before or it is disabled. Enable it by visiting https://console.developers.google.com/apis/api/compute.googleapis.com/overview?project=774475210821 then retry. If you enabled this API recently, wait a few minutes for the action to propagate to our systems and retry."},{"@type":"type.googleapis.com/google.rpc.Help","links":[{"description":"Google developers console API activation","url":"https://console.developers.google.com/apis/api/compute.googleapis.com/overview?project=774475210821"}]}]}},"response":{"statusCode":403}},"exit":1,"message":"Request to https://compute.googleapis.com/compute/v1/projects/774475210821 had HTTP Error: 403, Compute Engine API has not been used in project 774475210821 before or it is disabled. Enable it by visiting https://console.developers.google.com/apis/api/compute.googleapis.com/overview?project=774475210821 then retry. If you enabled this API recently, wait a few minutes for the action to propagate to our systems and retry.","status":403}
[debug] [2025-06-12T10:37:41.437Z] Checked if tokens are valid: true, expires at: 1749725828431
[debug] [2025-06-12T10:37:41.437Z] Checked if tokens are valid: true, expires at: 1749725828431
[debug] [2025-06-12T10:37:41.437Z] >>> [apiv2][query] GET https://compute.googleapis.com/compute/v1/projects/774475210821 [none]
[debug] [2025-06-12T10:37:41.594Z] <<< [apiv2][status] GET https://compute.googleapis.com/compute/v1/projects/774475210821 403
[debug] [2025-06-12T10:37:41.595Z] <<< [apiv2][body] GET https://compute.googleapis.com/compute/v1/projects/774475210821 {"error":{"code":403,"message":"Compute Engine API has not been used in project 774475210821 before or it is disabled. Enable it by visiting https://console.developers.google.com/apis/api/compute.googleapis.com/overview?project=774475210821 then retry. If you enabled this API recently, wait a few minutes for the action to propagate to our systems and retry.","errors":[{"message":"Compute Engine API has not been used in project 774475210821 before or it is disabled. Enable it by visiting https://console.developers.google.com/apis/api/compute.googleapis.com/overview?project=774475210821 then retry. If you enabled this API recently, wait a few minutes for the action to propagate to our systems and retry.","domain":"usageLimits","reason":"accessNotConfigured","extendedHelp":"https://console.developers.google.com"}],"status":"PERMISSION_DENIED","details":[{"@type":"type.googleapis.com/google.rpc.ErrorInfo","reason":"SERVICE_DISABLED","domain":"googleapis.com","metadata":{"serviceTitle":"Compute Engine API","containerInfo":"774475210821","activationUrl":"https://console.developers.google.com/apis/api/compute.googleapis.com/overview?project=774475210821","consumer":"projects/774475210821","service":"compute.googleapis.com"}},{"@type":"type.googleapis.com/google.rpc.LocalizedMessage","locale":"en-US","message":"Compute Engine API has not been used in project 774475210821 before or it is disabled. Enable it by visiting https://console.developers.google.com/apis/api/compute.googleapis.com/overview?project=774475210821 then retry. If you enabled this API recently, wait a few minutes for the action to propagate to our systems and retry."},{"@type":"type.googleapis.com/google.rpc.Help","links":[{"description":"Google developers console API activation","url":"https://console.developers.google.com/apis/api/compute.googleapis.com/overview?project=774475210821"}]}]}}
[debug] [2025-06-12T10:37:41.595Z] unable to look up default compute service account. Falling back to 774475210821-compute@developer.gserviceaccount.com. Error: {"name":"FirebaseError","children":[],"context":{"body":{"error":{"code":403,"message":"Compute Engine API has not been used in project 774475210821 before or it is disabled. Enable it by visiting https://console.developers.google.com/apis/api/compute.googleapis.com/overview?project=774475210821 then retry. If you enabled this API recently, wait a few minutes for the action to propagate to our systems and retry.","errors":[{"message":"Compute Engine API has not been used in project 774475210821 before or it is disabled. Enable it by visiting https://console.developers.google.com/apis/api/compute.googleapis.com/overview?project=774475210821 then retry. If you enabled this API recently, wait a few minutes for the action to propagate to our systems and retry.","domain":"usageLimits","reason":"accessNotConfigured","extendedHelp":"https://console.developers.google.com"}],"status":"PERMISSION_DENIED","details":[{"@type":"type.googleapis.com/google.rpc.ErrorInfo","reason":"SERVICE_DISABLED","domain":"googleapis.com","metadata":{"serviceTitle":"Compute Engine API","containerInfo":"774475210821","activationUrl":"https://console.developers.google.com/apis/api/compute.googleapis.com/overview?project=774475210821","consumer":"projects/774475210821","service":"compute.googleapis.com"}},{"@type":"type.googleapis.com/google.rpc.LocalizedMessage","locale":"en-US","message":"Compute Engine API has not been used in project 774475210821 before or it is disabled. Enable it by visiting https://console.developers.google.com/apis/api/compute.googleapis.com/overview?project=774475210821 then retry. If you enabled this API recently, wait a few minutes for the action to propagate to our systems and retry."},{"@type":"type.googleapis.com/google.rpc.Help","links":[{"description":"Google developers console API activation","url":"https://console.developers.google.com/apis/api/compute.googleapis.com/overview?project=774475210821"}]}]}},"response":{"statusCode":403}},"exit":1,"message":"Request to https://compute.googleapis.com/compute/v1/projects/774475210821 had HTTP Error: 403, Compute Engine API has not been used in project 774475210821 before or it is disabled. Enable it by visiting https://console.developers.google.com/apis/api/compute.googleapis.com/overview?project=774475210821 then retry. If you enabled this API recently, wait a few minutes for the action to propagate to our systems and retry.","status":403}
[debug] [2025-06-12T10:37:41.596Z] Checked if tokens are valid: true, expires at: 1749725828431
[debug] [2025-06-12T10:37:41.596Z] Checked if tokens are valid: true, expires at: 1749725828431
[debug] [2025-06-12T10:37:41.597Z] >>> [apiv2][query] GET https://cloudbilling.googleapis.com/v1/projects/fruitsforyou-10acc/billingInfo [none]
[debug] [2025-06-12T10:37:41.939Z] <<< [apiv2][status] GET https://cloudbilling.googleapis.com/v1/projects/fruitsforyou-10acc/billingInfo 200
[debug] [2025-06-12T10:37:41.939Z] <<< [apiv2][body] GET https://cloudbilling.googleapis.com/v1/projects/fruitsforyou-10acc/billingInfo {"name":"projects/fruitsforyou-10acc/billingInfo","projectId":"fruitsforyou-10acc","billingAccountName":"billingAccounts/01AA35-4EFAFA-E5F9BB","billingEnabled":true}
[debug] [2025-06-12T10:37:41.940Z] Checked if tokens are valid: true, expires at: 1749725828431
[debug] [2025-06-12T10:37:41.941Z] Checked if tokens are valid: true, expires at: 1749725828431
[debug] [2025-06-12T10:37:41.941Z] >>> [apiv2][query] POST https://cloudfunctions.googleapis.com/v2/projects/fruitsforyou-10acc/locations/us-central1/functions:generateUploadUrl [none]
[debug] [2025-06-12T10:37:42.737Z] <<< [apiv2][status] POST https://cloudfunctions.googleapis.com/v2/projects/fruitsforyou-10acc/locations/us-central1/functions:generateUploadUrl 200
[debug] [2025-06-12T10:37:42.737Z] <<< [apiv2][body] POST https://cloudfunctions.googleapis.com/v2/projects/fruitsforyou-10acc/locations/us-central1/functions:generateUploadUrl {"uploadUrl":"https://storage.googleapis.com/gcf-v2-uploads-774475210821.us-central1.cloudfunctions.appspot.com/09c939f6-4eca-4508-be58-2a44d4559810.zip?GoogleAccessId=service-774475210821@gcf-admin-robot.iam.gserviceaccount.com&Expires=1749726462&Signature=CdfQoQ2qPobzcwmsTHZTUcKI7XS%2BiyTVOwOgbjHmvj%2BVU1HlPvzjYrPDOktollcG9SKjul5I7BbGVWZ1rXIBRZ4YYFsGFTwNoZCiOzIPfUrXUY5ZRv0Yt9gpM1JP7y1wT4fIWT3nYEAuDBtsMIuRqN5bkfA%2BMmPVW%2FBQnj7tDqC5rPyXb5N%2B%2BQm8XwsGNZBMGKvIF0BP8F5yx%2Fo32w3z24uVHQvEl7TDDkezp%2B3Q3X7y10EkIuUeXjnD343rb5vvDkT0HAO%2BTokzEwEJnzL8JOhBMBXRBlV%2FO6W3db0KcWld7hPzBjP5j7QjPzriwUdSvJPxtVZmM0w93LNVPhihIA%3D%3D","storageSource":{"bucket":"gcf-v2-uploads-774475210821.us-central1.cloudfunctions.appspot.com","object":"09c939f6-4eca-4508-be58-2a44d4559810.zip"}}
[debug] [2025-06-12T10:37:42.738Z] >>> [apiv2][query] PUT https://storage.googleapis.com/gcf-v2-uploads-774475210821.us-central1.cloudfunctions.appspot.com/09c939f6-4eca-4508-be58-2a44d4559810.zip GoogleAccessId=service-774475210821%40gcf-admin-robot.iam.gserviceaccount.com&Expires=1749726462&Signature=CdfQoQ2qPobzcwmsTHZTUcKI7XS%2BiyTVOwOgbjHmvj%2BVU1HlPvzjYrPDOktollcG9SKjul5I7BbGVWZ1rXIBRZ4YYFsGFTwNoZCiOzIPfUrXUY5ZRv0Yt9gpM1JP7y1wT4fIWT3nYEAuDBtsMIuRqN5bkfA%2BMmPVW%2FBQnj7tDqC5rPyXb5N%2B%2BQm8XwsGNZBMGKvIF0BP8F5yx%2Fo32w3z24uVHQvEl7TDDkezp%2B3Q3X7y10EkIuUeXjnD343rb5vvDkT0HAO%2BTokzEwEJnzL8JOhBMBXRBlV%2FO6W3db0KcWld7hPzBjP5j7QjPzriwUdSvJPxtVZmM0w93LNVPhihIA%3D%3D
[debug] [2025-06-12T10:37:42.738Z] >>> [apiv2][body] PUT https://storage.googleapis.com/gcf-v2-uploads-774475210821.us-central1.cloudfunctions.appspot.com/09c939f6-4eca-4508-be58-2a44d4559810.zip [stream]
[debug] [2025-06-12T10:37:43.319Z] <<< [apiv2][status] PUT https://storage.googleapis.com/gcf-v2-uploads-774475210821.us-central1.cloudfunctions.appspot.com/09c939f6-4eca-4508-be58-2a44d4559810.zip 200
[debug] [2025-06-12T10:37:43.320Z] <<< [apiv2][body] PUT https://storage.googleapis.com/gcf-v2-uploads-774475210821.us-central1.cloudfunctions.appspot.com/09c939f6-4eca-4508-be58-2a44d4559810.zip [omitted]
[info] +  functions: functions folder uploaded successfully 
[info] i  functions: updating Node.js 18 (2nd Gen) function uploadFile(us-central1)... 
[debug] [2025-06-12T10:37:43.332Z] Checked if tokens are valid: true, expires at: 1749725828431
[debug] [2025-06-12T10:37:43.332Z] Checked if tokens are valid: true, expires at: 1749725828431
[debug] [2025-06-12T10:37:43.332Z] >>> [apiv2][query] PATCH https://cloudfunctions.googleapis.com/v2/projects/fruitsforyou-10acc/locations/us-central1/functions/uploadFile updateMask=name%2CbuildConfig.runtime%2CbuildConfig.entryPoint%2CbuildConfig.source.storageSource.bucket%2CbuildConfig.source.storageSource.object%2CbuildConfig.environmentVariables%2CbuildConfig.sourceToken%2CserviceConfig.environmentVariables%2CserviceConfig.ingressSettings%2CserviceConfig.timeoutSeconds%2CserviceConfig.serviceAccountEmail%2CserviceConfig.availableMemory%2CserviceConfig.minInstanceCount%2CserviceConfig.maxInstanceCount%2CserviceConfig.maxInstanceRequestConcurrency%2CserviceConfig.availableCpu%2CserviceConfig.vpcConnector%2CserviceConfig.vpcConnectorEgressSettings%2Clabels
[debug] [2025-06-12T10:37:43.332Z] >>> [apiv2][body] PATCH https://cloudfunctions.googleapis.com/v2/projects/fruitsforyou-10acc/locations/us-central1/functions/uploadFile {"name":"projects/fruitsforyou-10acc/locations/us-central1/functions/uploadFile","buildConfig":{"runtime":"nodejs18","entryPoint":"uploadFile","source":{"storageSource":{"bucket":"gcf-v2-uploads-774475210821.us-central1.cloudfunctions.appspot.com","object":"09c939f6-4eca-4508-be58-2a44d4559810.zip"}},"environmentVariables":{"GOOGLE_NODE_RUN_SCRIPTS":""}},"serviceConfig":{"environmentVariables":{"FIREBASE_CONFIG":"{\"projectId\":\"fruitsforyou-10acc\",\"storageBucket\":\"fruitsforyou-10acc.firebasestorage.app\"}","GCLOUD_PROJECT":"fruitsforyou-10acc","EVENTARC_CLOUD_EVENT_SOURCE":"projects/fruitsforyou-10acc/locations/us-central1/services/uploadFile","FUNCTION_TARGET":"uploadFile","LOG_EXECUTION_ID":"true"},"ingressSettings":null,"timeoutSeconds":null,"serviceAccountEmail":null,"availableMemory":"256Mi","minInstanceCount":null,"maxInstanceCount":null,"maxInstanceRequestConcurrency":80,"availableCpu":"1","vpcConnector":null,"vpcConnectorEgressSettings":null},"labels":{"deployment-tool":"cli-firebase","firebase-functions-hash":"c00aebec75c7a21b642515fca6d712eebee28193"}}
[debug] [2025-06-12T10:37:44.810Z] <<< [apiv2][status] PATCH https://cloudfunctions.googleapis.com/v2/projects/fruitsforyou-10acc/locations/us-central1/functions/uploadFile 200
[debug] [2025-06-12T10:37:44.810Z] <<< [apiv2][body] PATCH https://cloudfunctions.googleapis.com/v2/projects/fruitsforyou-10acc/locations/us-central1/functions/uploadFile {"name":"projects/fruitsforyou-10acc/locations/us-central1/operations/operation-1749724664093-6375d850edd02-2f4ff4b5-d293acda","metadata":{"@type":"type.googleapis.com/google.cloud.functions.v2.OperationMetadata","createTime":"2025-06-12T10:37:44.824441302Z","target":"projects/fruitsforyou-10acc/locations/us-central1/functions/uploadFile","verb":"update","cancelRequested":false,"apiVersion":"v2"},"done":false}
[debug] [2025-06-12T10:37:44.812Z] Checked if tokens are valid: true, expires at: 1749725828431
[debug] [2025-06-12T10:37:44.812Z] Checked if tokens are valid: true, expires at: 1749725828431
[debug] [2025-06-12T10:37:44.812Z] >>> [apiv2][query] GET https://cloudfunctions.googleapis.com/v2/projects/fruitsforyou-10acc/locations/us-central1/operations/operation-1749724664093-6375d850edd02-2f4ff4b5-d293acda [none]
[debug] [2025-06-12T10:37:45.520Z] <<< [apiv2][status] GET https://cloudfunctions.googleapis.com/v2/projects/fruitsforyou-10acc/locations/us-central1/operations/operation-1749724664093-6375d850edd02-2f4ff4b5-d293acda 200
[debug] [2025-06-12T10:37:45.520Z] <<< [apiv2][body] GET https://cloudfunctions.googleapis.com/v2/projects/fruitsforyou-10acc/locations/us-central1/operations/operation-1749724664093-6375d850edd02-2f4ff4b5-d293acda {"name":"projects/fruitsforyou-10acc/locations/us-central1/operations/operation-1749724664093-6375d850edd02-2f4ff4b5-d293acda","metadata":{"@type":"type.googleapis.com/google.cloud.functions.v2.OperationMetadata","createTime":"2025-06-12T10:37:44.824441302Z","target":"projects/fruitsforyou-10acc/locations/us-central1/functions/uploadFile","verb":"update","cancelRequested":false,"apiVersion":"v2","requestResource":{"@type":"type.googleapis.com/google.cloud.functions.v2.Function","name":"projects/fruitsforyou-10acc/locations/us-central1/functions/uploadFile","buildConfig":{"runtime":"nodejs18","entryPoint":"uploadFile","source":{"storageSource":{"bucket":"gcf-v2-sources-774475210821-us-central1","object":"uploadFile/function-source.zip","generation":"1749724664768868"}},"environmentVariables":{"GOOGLE_NODE_RUN_SCRIPTS":""},"dockerRepository":"projects/fruitsforyou-10acc/locations/us-central1/repositories/gcf-artifacts","sourceProvenance":{"resolvedStorageSource":{"bucket":"gcf-v2-sources-774475210821-us-central1","object":"uploadFile/function-source.zip","generation":"1749723864426169"}},"dockerRegistry":"ARTIFACT_REGISTRY","serviceAccount":"projects/fruitsforyou-10acc/serviceAccounts/774475210821-compute@developer.gserviceaccount.com","automaticUpdatePolicy":{}},"serviceConfig":{"service":"projects/fruitsforyou-10acc/locations/us-central1/services/uploadfile","timeoutSeconds":60,"environmentVariables":{"FIREBASE_CONFIG":"{\"projectId\":\"fruitsforyou-10acc\",\"storageBucket\":\"fruitsforyou-10acc.firebasestorage.app\"}","GCLOUD_PROJECT":"fruitsforyou-10acc","EVENTARC_CLOUD_EVENT_SOURCE":"projects/fruitsforyou-10acc/locations/us-central1/services/uploadFile","FUNCTION_TARGET":"uploadFile","LOG_EXECUTION_ID":"true"},"ingressSettings":"ALLOW_ALL","serviceAccountEmail":"774475210821-compute@developer.gserviceaccount.com","availableMemory":"256Mi","maxInstanceRequestConcurrency":80,"availableCpu":"1"},"state":"UNKNOWN","labels":{"firebase-functions-hash":"c00aebec75c7a21b642515fca6d712eebee28193"},"stateMessages":[{"severity":"ERROR","type":"CloudRunServiceNotFound","message":"Cloud Run service projects/fruitsforyou-10acc/locations/us-central1/services/uploadfile for the function was not found. The function will not work correctly. Please redeploy."}],"environment":"GEN_2","url":"https://us-central1-fruitsforyou-10acc.cloudfunctions.net/uploadFile","satisfiesPzi":true},"stages":[{"name":"BUILD","state":"NOT_STARTED","stateMessages":[{"severity":"WARNING","type":"BuildAnalysisWarning","message":"Node.js 18 is no longer supported by the Node.js community as of 30 April, 2025. Runtime nodejs18 is currently deprecated for Cloud Functions. We recommend you to upgrade to the latest version of Node.js as soon as possible."}]},{"name":"SERVICE","state":"NOT_STARTED"}],"operationType":"UPDATE_FUNCTION"},"done":false}
[debug] [2025-06-12T10:37:46.022Z] [update-default-us-central1-uploadFile] Retrying task index 0
[debug] [2025-06-12T10:37:46.022Z] Checked if tokens are valid: true, expires at: 1749725828431
[debug] [2025-06-12T10:37:46.022Z] Checked if tokens are valid: true, expires at: 1749725828431
[debug] [2025-06-12T10:37:46.023Z] >>> [apiv2][query] GET https://cloudfunctions.googleapis.com/v2/projects/fruitsforyou-10acc/locations/us-central1/operations/operation-1749724664093-6375d850edd02-2f4ff4b5-d293acda [none]
[debug] [2025-06-12T10:37:46.750Z] <<< [apiv2][status] GET https://cloudfunctions.googleapis.com/v2/projects/fruitsforyou-10acc/locations/us-central1/operations/operation-1749724664093-6375d850edd02-2f4ff4b5-d293acda 200
[debug] [2025-06-12T10:37:46.751Z] <<< [apiv2][body] GET https://cloudfunctions.googleapis.com/v2/projects/fruitsforyou-10acc/locations/us-central1/operations/operation-1749724664093-6375d850edd02-2f4ff4b5-d293acda {"name":"projects/fruitsforyou-10acc/locations/us-central1/operations/operation-1749724664093-6375d850edd02-2f4ff4b5-d293acda","metadata":{"@type":"type.googleapis.com/google.cloud.functions.v2.OperationMetadata","createTime":"2025-06-12T10:37:44.824441302Z","target":"projects/fruitsforyou-10acc/locations/us-central1/functions/uploadFile","verb":"update","cancelRequested":false,"apiVersion":"v2","requestResource":{"@type":"type.googleapis.com/google.cloud.functions.v2.Function","name":"projects/fruitsforyou-10acc/locations/us-central1/functions/uploadFile","buildConfig":{"runtime":"nodejs18","entryPoint":"uploadFile","source":{"storageSource":{"bucket":"gcf-v2-sources-774475210821-us-central1","object":"uploadFile/function-source.zip","generation":"1749724664768868"}},"environmentVariables":{"GOOGLE_NODE_RUN_SCRIPTS":""},"dockerRepository":"projects/fruitsforyou-10acc/locations/us-central1/repositories/gcf-artifacts","sourceProvenance":{"resolvedStorageSource":{"bucket":"gcf-v2-sources-774475210821-us-central1","object":"uploadFile/function-source.zip","generation":"1749723864426169"}},"dockerRegistry":"ARTIFACT_REGISTRY","serviceAccount":"projects/fruitsforyou-10acc/serviceAccounts/774475210821-compute@developer.gserviceaccount.com","automaticUpdatePolicy":{}},"serviceConfig":{"service":"projects/fruitsforyou-10acc/locations/us-central1/services/uploadfile","timeoutSeconds":60,"environmentVariables":{"FIREBASE_CONFIG":"{\"projectId\":\"fruitsforyou-10acc\",\"storageBucket\":\"fruitsforyou-10acc.firebasestorage.app\"}","GCLOUD_PROJECT":"fruitsforyou-10acc","EVENTARC_CLOUD_EVENT_SOURCE":"projects/fruitsforyou-10acc/locations/us-central1/services/uploadFile","FUNCTION_TARGET":"uploadFile","LOG_EXECUTION_ID":"true"},"ingressSettings":"ALLOW_ALL","serviceAccountEmail":"774475210821-compute@developer.gserviceaccount.com","availableMemory":"256Mi","maxInstanceRequestConcurrency":80,"availableCpu":"1"},"state":"UNKNOWN","labels":{"firebase-functions-hash":"c00aebec75c7a21b642515fca6d712eebee28193"},"stateMessages":[{"severity":"ERROR","type":"CloudRunServiceNotFound","message":"Cloud Run service projects/fruitsforyou-10acc/locations/us-central1/services/uploadfile for the function was not found. The function will not work correctly. Please redeploy."}],"environment":"GEN_2","url":"https://us-central1-fruitsforyou-10acc.cloudfunctions.net/uploadFile","satisfiesPzi":true},"stages":[{"name":"BUILD","message":"Build in progress","state":"IN_PROGRESS","resource":"projects/774475210821/locations/us-central1/builds/08efa15b-39b2-4f26-97a4-84f9193fa5e5","resourceUri":"https://console.cloud.google.com/cloud-build/builds;region=us-central1/08efa15b-39b2-4f26-97a4-84f9193fa5e5?project=774475210821"},{"name":"SERVICE","state":"NOT_STARTED"}],"operationType":"UPDATE_FUNCTION","buildName":"projects/774475210821/locations/us-central1/builds/08efa15b-39b2-4f26-97a4-84f9193fa5e5"},"done":false}
[debug] [2025-06-12T10:37:47.753Z] [update-default-us-central1-uploadFile] Retrying task index 0
[debug] [2025-06-12T10:37:47.754Z] Checked if tokens are valid: true, expires at: 1749725828431
[debug] [2025-06-12T10:37:47.754Z] Checked if tokens are valid: true, expires at: 1749725828431
[debug] [2025-06-12T10:37:47.754Z] >>> [apiv2][query] GET https://cloudfunctions.googleapis.com/v2/projects/fruitsforyou-10acc/locations/us-central1/operations/operation-1749724664093-6375d850edd02-2f4ff4b5-d293acda [none]
[debug] [2025-06-12T10:37:48.454Z] <<< [apiv2][status] GET https://cloudfunctions.googleapis.com/v2/projects/fruitsforyou-10acc/locations/us-central1/operations/operation-1749724664093-6375d850edd02-2f4ff4b5-d293acda 200
[debug] [2025-06-12T10:37:48.455Z] <<< [apiv2][body] GET https://cloudfunctions.googleapis.com/v2/projects/fruitsforyou-10acc/locations/us-central1/operations/operation-1749724664093-6375d850edd02-2f4ff4b5-d293acda {"name":"projects/fruitsforyou-10acc/locations/us-central1/operations/operation-1749724664093-6375d850edd02-2f4ff4b5-d293acda","metadata":{"@type":"type.googleapis.com/google.cloud.functions.v2.OperationMetadata","createTime":"2025-06-12T10:37:44.824441302Z","target":"projects/fruitsforyou-10acc/locations/us-central1/functions/uploadFile","verb":"update","cancelRequested":false,"apiVersion":"v2","requestResource":{"@type":"type.googleapis.com/google.cloud.functions.v2.Function","name":"projects/fruitsforyou-10acc/locations/us-central1/functions/uploadFile","buildConfig":{"runtime":"nodejs18","entryPoint":"uploadFile","source":{"storageSource":{"bucket":"gcf-v2-sources-774475210821-us-central1","object":"uploadFile/function-source.zip","generation":"1749724664768868"}},"environmentVariables":{"GOOGLE_NODE_RUN_SCRIPTS":""},"dockerRepository":"projects/fruitsforyou-10acc/locations/us-central1/repositories/gcf-artifacts","sourceProvenance":{"resolvedStorageSource":{"bucket":"gcf-v2-sources-774475210821-us-central1","object":"uploadFile/function-source.zip","generation":"1749723864426169"}},"dockerRegistry":"ARTIFACT_REGISTRY","serviceAccount":"projects/fruitsforyou-10acc/serviceAccounts/774475210821-compute@developer.gserviceaccount.com","automaticUpdatePolicy":{}},"serviceConfig":{"service":"projects/fruitsforyou-10acc/locations/us-central1/services/uploadfile","timeoutSeconds":60,"environmentVariables":{"FIREBASE_CONFIG":"{\"projectId\":\"fruitsforyou-10acc\",\"storageBucket\":\"fruitsforyou-10acc.firebasestorage.app\"}","GCLOUD_PROJECT":"fruitsforyou-10acc","EVENTARC_CLOUD_EVENT_SOURCE":"projects/fruitsforyou-10acc/locations/us-central1/services/uploadFile","FUNCTION_TARGET":"uploadFile","LOG_EXECUTION_ID":"true"},"ingressSettings":"ALLOW_ALL","serviceAccountEmail":"774475210821-compute@developer.gserviceaccount.com","availableMemory":"256Mi","maxInstanceRequestConcurrency":80,"availableCpu":"1"},"state":"UNKNOWN","labels":{"firebase-functions-hash":"c00aebec75c7a21b642515fca6d712eebee28193"},"stateMessages":[{"severity":"ERROR","type":"CloudRunServiceNotFound","message":"Cloud Run service projects/fruitsforyou-10acc/locations/us-central1/services/uploadfile for the function was not found. The function will not work correctly. Please redeploy."}],"environment":"GEN_2","url":"https://us-central1-fruitsforyou-10acc.cloudfunctions.net/uploadFile","satisfiesPzi":true},"stages":[{"name":"BUILD","message":"Build in progress","state":"IN_PROGRESS","resource":"projects/774475210821/locations/us-central1/builds/08efa15b-39b2-4f26-97a4-84f9193fa5e5","resourceUri":"https://console.cloud.google.com/cloud-build/builds;region=us-central1/08efa15b-39b2-4f26-97a4-84f9193fa5e5?project=774475210821"},{"name":"SERVICE","state":"NOT_STARTED"}],"operationType":"UPDATE_FUNCTION","buildName":"projects/774475210821/locations/us-central1/builds/08efa15b-39b2-4f26-97a4-84f9193fa5e5"},"done":false}
[debug] [2025-06-12T10:37:50.471Z] [update-default-us-central1-uploadFile] Retrying task index 0
[debug] [2025-06-12T10:37:50.471Z] Checked if tokens are valid: true, expires at: 1749725828431
[debug] [2025-06-12T10:37:50.471Z] Checked if tokens are valid: true, expires at: 1749725828431
[debug] [2025-06-12T10:37:50.472Z] >>> [apiv2][query] GET https://cloudfunctions.googleapis.com/v2/projects/fruitsforyou-10acc/locations/us-central1/operations/operation-1749724664093-6375d850edd02-2f4ff4b5-d293acda [none]
[debug] [2025-06-12T10:37:51.177Z] <<< [apiv2][status] GET https://cloudfunctions.googleapis.com/v2/projects/fruitsforyou-10acc/locations/us-central1/operations/operation-1749724664093-6375d850edd02-2f4ff4b5-d293acda 200
[debug] [2025-06-12T10:37:51.177Z] <<< [apiv2][body] GET https://cloudfunctions.googleapis.com/v2/projects/fruitsforyou-10acc/locations/us-central1/operations/operation-1749724664093-6375d850edd02-2f4ff4b5-d293acda {"name":"projects/fruitsforyou-10acc/locations/us-central1/operations/operation-1749724664093-6375d850edd02-2f4ff4b5-d293acda","metadata":{"@type":"type.googleapis.com/google.cloud.functions.v2.OperationMetadata","createTime":"2025-06-12T10:37:44.824441302Z","target":"projects/fruitsforyou-10acc/locations/us-central1/functions/uploadFile","verb":"update","cancelRequested":false,"apiVersion":"v2","requestResource":{"@type":"type.googleapis.com/google.cloud.functions.v2.Function","name":"projects/fruitsforyou-10acc/locations/us-central1/functions/uploadFile","buildConfig":{"runtime":"nodejs18","entryPoint":"uploadFile","source":{"storageSource":{"bucket":"gcf-v2-sources-774475210821-us-central1","object":"uploadFile/function-source.zip","generation":"1749724664768868"}},"environmentVariables":{"GOOGLE_NODE_RUN_SCRIPTS":""},"dockerRepository":"projects/fruitsforyou-10acc/locations/us-central1/repositories/gcf-artifacts","sourceProvenance":{"resolvedStorageSource":{"bucket":"gcf-v2-sources-774475210821-us-central1","object":"uploadFile/function-source.zip","generation":"1749723864426169"}},"dockerRegistry":"ARTIFACT_REGISTRY","serviceAccount":"projects/fruitsforyou-10acc/serviceAccounts/774475210821-compute@developer.gserviceaccount.com","automaticUpdatePolicy":{}},"serviceConfig":{"service":"projects/fruitsforyou-10acc/locations/us-central1/services/uploadfile","timeoutSeconds":60,"environmentVariables":{"FIREBASE_CONFIG":"{\"projectId\":\"fruitsforyou-10acc\",\"storageBucket\":\"fruitsforyou-10acc.firebasestorage.app\"}","GCLOUD_PROJECT":"fruitsforyou-10acc","EVENTARC_CLOUD_EVENT_SOURCE":"projects/fruitsforyou-10acc/locations/us-central1/services/uploadFile","FUNCTION_TARGET":"uploadFile","LOG_EXECUTION_ID":"true"},"ingressSettings":"ALLOW_ALL","serviceAccountEmail":"774475210821-compute@developer.gserviceaccount.com","availableMemory":"256Mi","maxInstanceRequestConcurrency":80,"availableCpu":"1"},"state":"UNKNOWN","labels":{"firebase-functions-hash":"c00aebec75c7a21b642515fca6d712eebee28193"},"stateMessages":[{"severity":"ERROR","type":"CloudRunServiceNotFound","message":"Cloud Run service projects/fruitsforyou-10acc/locations/us-central1/services/uploadfile for the function was not found. The function will not work correctly. Please redeploy."}],"environment":"GEN_2","url":"https://us-central1-fruitsforyou-10acc.cloudfunctions.net/uploadFile","satisfiesPzi":true},"stages":[{"name":"BUILD","message":"Build in progress","state":"IN_PROGRESS","resource":"projects/774475210821/locations/us-central1/builds/08efa15b-39b2-4f26-97a4-84f9193fa5e5","resourceUri":"https://console.cloud.google.com/cloud-build/builds;region=us-central1/08efa15b-39b2-4f26-97a4-84f9193fa5e5?project=774475210821"},{"name":"SERVICE","state":"NOT_STARTED"}],"operationType":"UPDATE_FUNCTION","buildName":"projects/774475210821/locations/us-central1/builds/08efa15b-39b2-4f26-97a4-84f9193fa5e5"},"done":false}
[debug] [2025-06-12T10:37:55.190Z] [update-default-us-central1-uploadFile] Retrying task index 0
[debug] [2025-06-12T10:37:55.191Z] Checked if tokens are valid: true, expires at: 1749725828431
[debug] [2025-06-12T10:37:55.191Z] Checked if tokens are valid: true, expires at: 1749725828431
[debug] [2025-06-12T10:37:55.191Z] >>> [apiv2][query] GET https://cloudfunctions.googleapis.com/v2/projects/fruitsforyou-10acc/locations/us-central1/operations/operation-1749724664093-6375d850edd02-2f4ff4b5-d293acda [none]
[debug] [2025-06-12T10:37:55.921Z] <<< [apiv2][status] GET https://cloudfunctions.googleapis.com/v2/projects/fruitsforyou-10acc/locations/us-central1/operations/operation-1749724664093-6375d850edd02-2f4ff4b5-d293acda 200
[debug] [2025-06-12T10:37:55.922Z] <<< [apiv2][body] GET https://cloudfunctions.googleapis.com/v2/projects/fruitsforyou-10acc/locations/us-central1/operations/operation-1749724664093-6375d850edd02-2f4ff4b5-d293acda {"name":"projects/fruitsforyou-10acc/locations/us-central1/operations/operation-1749724664093-6375d850edd02-2f4ff4b5-d293acda","metadata":{"@type":"type.googleapis.com/google.cloud.functions.v2.OperationMetadata","createTime":"2025-06-12T10:37:44.824441302Z","target":"projects/fruitsforyou-10acc/locations/us-central1/functions/uploadFile","verb":"update","cancelRequested":false,"apiVersion":"v2","requestResource":{"@type":"type.googleapis.com/google.cloud.functions.v2.Function","name":"projects/fruitsforyou-10acc/locations/us-central1/functions/uploadFile","buildConfig":{"runtime":"nodejs18","entryPoint":"uploadFile","source":{"storageSource":{"bucket":"gcf-v2-sources-774475210821-us-central1","object":"uploadFile/function-source.zip","generation":"1749724664768868"}},"environmentVariables":{"GOOGLE_NODE_RUN_SCRIPTS":""},"dockerRepository":"projects/fruitsforyou-10acc/locations/us-central1/repositories/gcf-artifacts","sourceProvenance":{"resolvedStorageSource":{"bucket":"gcf-v2-sources-774475210821-us-central1","object":"uploadFile/function-source.zip","generation":"1749723864426169"}},"dockerRegistry":"ARTIFACT_REGISTRY","serviceAccount":"projects/fruitsforyou-10acc/serviceAccounts/774475210821-compute@developer.gserviceaccount.com","automaticUpdatePolicy":{}},"serviceConfig":{"service":"projects/fruitsforyou-10acc/locations/us-central1/services/uploadfile","timeoutSeconds":60,"environmentVariables":{"FIREBASE_CONFIG":"{\"projectId\":\"fruitsforyou-10acc\",\"storageBucket\":\"fruitsforyou-10acc.firebasestorage.app\"}","GCLOUD_PROJECT":"fruitsforyou-10acc","EVENTARC_CLOUD_EVENT_SOURCE":"projects/fruitsforyou-10acc/locations/us-central1/services/uploadFile","FUNCTION_TARGET":"uploadFile","LOG_EXECUTION_ID":"true"},"ingressSettings":"ALLOW_ALL","serviceAccountEmail":"774475210821-compute@developer.gserviceaccount.com","availableMemory":"256Mi","maxInstanceRequestConcurrency":80,"availableCpu":"1"},"state":"UNKNOWN","labels":{"firebase-functions-hash":"c00aebec75c7a21b642515fca6d712eebee28193"},"stateMessages":[{"severity":"ERROR","type":"CloudRunServiceNotFound","message":"Cloud Run service projects/fruitsforyou-10acc/locations/us-central1/services/uploadfile for the function was not found. The function will not work correctly. Please redeploy."}],"environment":"GEN_2","url":"https://us-central1-fruitsforyou-10acc.cloudfunctions.net/uploadFile","satisfiesPzi":true},"stages":[{"name":"BUILD","message":"Build in progress","state":"IN_PROGRESS","resource":"projects/774475210821/locations/us-central1/builds/08efa15b-39b2-4f26-97a4-84f9193fa5e5","resourceUri":"https://console.cloud.google.com/cloud-build/builds;region=us-central1/08efa15b-39b2-4f26-97a4-84f9193fa5e5?project=774475210821"},{"name":"SERVICE","state":"NOT_STARTED"}],"operationType":"UPDATE_FUNCTION","buildName":"projects/774475210821/locations/us-central1/builds/08efa15b-39b2-4f26-97a4-84f9193fa5e5"},"done":false}
[debug] [2025-06-12T10:38:03.927Z] [update-default-us-central1-uploadFile] Retrying task index 0
[debug] [2025-06-12T10:38:03.928Z] Checked if tokens are valid: true, expires at: 1749725828431
[debug] [2025-06-12T10:38:03.928Z] Checked if tokens are valid: true, expires at: 1749725828431
[debug] [2025-06-12T10:38:03.928Z] >>> [apiv2][query] GET https://cloudfunctions.googleapis.com/v2/projects/fruitsforyou-10acc/locations/us-central1/operations/operation-1749724664093-6375d850edd02-2f4ff4b5-d293acda [none]
[debug] [2025-06-12T10:38:04.746Z] <<< [apiv2][status] GET https://cloudfunctions.googleapis.com/v2/projects/fruitsforyou-10acc/locations/us-central1/operations/operation-1749724664093-6375d850edd02-2f4ff4b5-d293acda 200
[debug] [2025-06-12T10:38:04.746Z] <<< [apiv2][body] GET https://cloudfunctions.googleapis.com/v2/projects/fruitsforyou-10acc/locations/us-central1/operations/operation-1749724664093-6375d850edd02-2f4ff4b5-d293acda {"name":"projects/fruitsforyou-10acc/locations/us-central1/operations/operation-1749724664093-6375d850edd02-2f4ff4b5-d293acda","metadata":{"@type":"type.googleapis.com/google.cloud.functions.v2.OperationMetadata","createTime":"2025-06-12T10:37:44.824441302Z","target":"projects/fruitsforyou-10acc/locations/us-central1/functions/uploadFile","verb":"update","cancelRequested":false,"apiVersion":"v2","requestResource":{"@type":"type.googleapis.com/google.cloud.functions.v2.Function","name":"projects/fruitsforyou-10acc/locations/us-central1/functions/uploadFile","buildConfig":{"runtime":"nodejs18","entryPoint":"uploadFile","source":{"storageSource":{"bucket":"gcf-v2-sources-774475210821-us-central1","object":"uploadFile/function-source.zip","generation":"1749724664768868"}},"environmentVariables":{"GOOGLE_NODE_RUN_SCRIPTS":""},"dockerRepository":"projects/fruitsforyou-10acc/locations/us-central1/repositories/gcf-artifacts","sourceProvenance":{"resolvedStorageSource":{"bucket":"gcf-v2-sources-774475210821-us-central1","object":"uploadFile/function-source.zip","generation":"1749723864426169"}},"dockerRegistry":"ARTIFACT_REGISTRY","serviceAccount":"projects/fruitsforyou-10acc/serviceAccounts/774475210821-compute@developer.gserviceaccount.com","automaticUpdatePolicy":{}},"serviceConfig":{"service":"projects/fruitsforyou-10acc/locations/us-central1/services/uploadfile","timeoutSeconds":60,"environmentVariables":{"FIREBASE_CONFIG":"{\"projectId\":\"fruitsforyou-10acc\",\"storageBucket\":\"fruitsforyou-10acc.firebasestorage.app\"}","GCLOUD_PROJECT":"fruitsforyou-10acc","EVENTARC_CLOUD_EVENT_SOURCE":"projects/fruitsforyou-10acc/locations/us-central1/services/uploadFile","FUNCTION_TARGET":"uploadFile","LOG_EXECUTION_ID":"true"},"ingressSettings":"ALLOW_ALL","serviceAccountEmail":"774475210821-compute@developer.gserviceaccount.com","availableMemory":"256Mi","maxInstanceRequestConcurrency":80,"availableCpu":"1"},"state":"UNKNOWN","labels":{"firebase-functions-hash":"c00aebec75c7a21b642515fca6d712eebee28193"},"stateMessages":[{"severity":"ERROR","type":"CloudRunServiceNotFound","message":"Cloud Run service projects/fruitsforyou-10acc/locations/us-central1/services/uploadfile for the function was not found. The function will not work correctly. Please redeploy."}],"environment":"GEN_2","url":"https://us-central1-fruitsforyou-10acc.cloudfunctions.net/uploadFile","satisfiesPzi":true},"stages":[{"name":"BUILD","message":"Build in progress","state":"IN_PROGRESS","resource":"projects/774475210821/locations/us-central1/builds/08efa15b-39b2-4f26-97a4-84f9193fa5e5","resourceUri":"https://console.cloud.google.com/cloud-build/builds;region=us-central1/08efa15b-39b2-4f26-97a4-84f9193fa5e5?project=774475210821"},{"name":"SERVICE","state":"NOT_STARTED"}],"operationType":"UPDATE_FUNCTION","buildName":"projects/774475210821/locations/us-central1/builds/08efa15b-39b2-4f26-97a4-84f9193fa5e5"},"done":false}
[debug] [2025-06-12T10:38:14.748Z] [update-default-us-central1-uploadFile] Retrying task index 0
[debug] [2025-06-12T10:38:14.749Z] Checked if tokens are valid: true, expires at: 1749725828431
[debug] [2025-06-12T10:38:14.750Z] Checked if tokens are valid: true, expires at: 1749725828431
[debug] [2025-06-12T10:38:14.751Z] >>> [apiv2][query] GET https://cloudfunctions.googleapis.com/v2/projects/fruitsforyou-10acc/locations/us-central1/operations/operation-1749724664093-6375d850edd02-2f4ff4b5-d293acda [none]
[debug] [2025-06-12T10:38:15.673Z] <<< [apiv2][status] GET https://cloudfunctions.googleapis.com/v2/projects/fruitsforyou-10acc/locations/us-central1/operations/operation-1749724664093-6375d850edd02-2f4ff4b5-d293acda 200
[debug] [2025-06-12T10:38:15.673Z] <<< [apiv2][body] GET https://cloudfunctions.googleapis.com/v2/projects/fruitsforyou-10acc/locations/us-central1/operations/operation-1749724664093-6375d850edd02-2f4ff4b5-d293acda {"name":"projects/fruitsforyou-10acc/locations/us-central1/operations/operation-1749724664093-6375d850edd02-2f4ff4b5-d293acda","metadata":{"@type":"type.googleapis.com/google.cloud.functions.v2.OperationMetadata","createTime":"2025-06-12T10:37:44.824441302Z","target":"projects/fruitsforyou-10acc/locations/us-central1/functions/uploadFile","verb":"update","cancelRequested":false,"apiVersion":"v2","requestResource":{"@type":"type.googleapis.com/google.cloud.functions.v2.Function","name":"projects/fruitsforyou-10acc/locations/us-central1/functions/uploadFile","buildConfig":{"runtime":"nodejs18","entryPoint":"uploadFile","source":{"storageSource":{"bucket":"gcf-v2-sources-774475210821-us-central1","object":"uploadFile/function-source.zip","generation":"1749724664768868"}},"environmentVariables":{"GOOGLE_NODE_RUN_SCRIPTS":""},"dockerRepository":"projects/fruitsforyou-10acc/locations/us-central1/repositories/gcf-artifacts","sourceProvenance":{"resolvedStorageSource":{"bucket":"gcf-v2-sources-774475210821-us-central1","object":"uploadFile/function-source.zip","generation":"1749723864426169"}},"dockerRegistry":"ARTIFACT_REGISTRY","serviceAccount":"projects/fruitsforyou-10acc/serviceAccounts/774475210821-compute@developer.gserviceaccount.com","automaticUpdatePolicy":{}},"serviceConfig":{"service":"projects/fruitsforyou-10acc/locations/us-central1/services/uploadfile","timeoutSeconds":60,"environmentVariables":{"FIREBASE_CONFIG":"{\"projectId\":\"fruitsforyou-10acc\",\"storageBucket\":\"fruitsforyou-10acc.firebasestorage.app\"}","GCLOUD_PROJECT":"fruitsforyou-10acc","EVENTARC_CLOUD_EVENT_SOURCE":"projects/fruitsforyou-10acc/locations/us-central1/services/uploadFile","FUNCTION_TARGET":"uploadFile","LOG_EXECUTION_ID":"true"},"ingressSettings":"ALLOW_ALL","serviceAccountEmail":"774475210821-compute@developer.gserviceaccount.com","availableMemory":"256Mi","maxInstanceRequestConcurrency":80,"availableCpu":"1"},"state":"UNKNOWN","labels":{"firebase-functions-hash":"c00aebec75c7a21b642515fca6d712eebee28193"},"stateMessages":[{"severity":"ERROR","type":"CloudRunServiceNotFound","message":"Cloud Run service projects/fruitsforyou-10acc/locations/us-central1/services/uploadfile for the function was not found. The function will not work correctly. Please redeploy."}],"environment":"GEN_2","url":"https://us-central1-fruitsforyou-10acc.cloudfunctions.net/uploadFile","satisfiesPzi":true},"stages":[{"name":"BUILD","message":"Build in progress","state":"IN_PROGRESS","resource":"projects/774475210821/locations/us-central1/builds/08efa15b-39b2-4f26-97a4-84f9193fa5e5","resourceUri":"https://console.cloud.google.com/cloud-build/builds;region=us-central1/08efa15b-39b2-4f26-97a4-84f9193fa5e5?project=774475210821"},{"name":"SERVICE","state":"NOT_STARTED"}],"operationType":"UPDATE_FUNCTION","buildName":"projects/774475210821/locations/us-central1/builds/08efa15b-39b2-4f26-97a4-84f9193fa5e5"},"done":false}
[debug] [2025-06-12T10:38:25.680Z] [update-default-us-central1-uploadFile] Retrying task index 0
[debug] [2025-06-12T10:38:25.680Z] Checked if tokens are valid: true, expires at: 1749725828431
[debug] [2025-06-12T10:38:25.680Z] Checked if tokens are valid: true, expires at: 1749725828431
[debug] [2025-06-12T10:38:25.680Z] >>> [apiv2][query] GET https://cloudfunctions.googleapis.com/v2/projects/fruitsforyou-10acc/locations/us-central1/operations/operation-1749724664093-6375d850edd02-2f4ff4b5-d293acda [none]
[debug] [2025-06-12T10:38:26.535Z] <<< [apiv2][status] GET https://cloudfunctions.googleapis.com/v2/projects/fruitsforyou-10acc/locations/us-central1/operations/operation-1749724664093-6375d850edd02-2f4ff4b5-d293acda 200
[debug] [2025-06-12T10:38:26.535Z] <<< [apiv2][body] GET https://cloudfunctions.googleapis.com/v2/projects/fruitsforyou-10acc/locations/us-central1/operations/operation-1749724664093-6375d850edd02-2f4ff4b5-d293acda {"name":"projects/fruitsforyou-10acc/locations/us-central1/operations/operation-1749724664093-6375d850edd02-2f4ff4b5-d293acda","metadata":{"@type":"type.googleapis.com/google.cloud.functions.v2.OperationMetadata","createTime":"2025-06-12T10:37:44.824441302Z","target":"projects/fruitsforyou-10acc/locations/us-central1/functions/uploadFile","verb":"update","cancelRequested":false,"apiVersion":"v2","requestResource":{"@type":"type.googleapis.com/google.cloud.functions.v2.Function","name":"projects/fruitsforyou-10acc/locations/us-central1/functions/uploadFile","buildConfig":{"runtime":"nodejs18","entryPoint":"uploadFile","source":{"storageSource":{"bucket":"gcf-v2-sources-774475210821-us-central1","object":"uploadFile/function-source.zip","generation":"1749724664768868"}},"environmentVariables":{"GOOGLE_NODE_RUN_SCRIPTS":""},"dockerRepository":"projects/fruitsforyou-10acc/locations/us-central1/repositories/gcf-artifacts","sourceProvenance":{"resolvedStorageSource":{"bucket":"gcf-v2-sources-774475210821-us-central1","object":"uploadFile/function-source.zip","generation":"1749723864426169"}},"dockerRegistry":"ARTIFACT_REGISTRY","serviceAccount":"projects/fruitsforyou-10acc/serviceAccounts/774475210821-compute@developer.gserviceaccount.com","automaticUpdatePolicy":{}},"serviceConfig":{"service":"projects/fruitsforyou-10acc/locations/us-central1/services/uploadfile","timeoutSeconds":60,"environmentVariables":{"FIREBASE_CONFIG":"{\"projectId\":\"fruitsforyou-10acc\",\"storageBucket\":\"fruitsforyou-10acc.firebasestorage.app\"}","GCLOUD_PROJECT":"fruitsforyou-10acc","EVENTARC_CLOUD_EVENT_SOURCE":"projects/fruitsforyou-10acc/locations/us-central1/services/uploadFile","FUNCTION_TARGET":"uploadFile","LOG_EXECUTION_ID":"true"},"ingressSettings":"ALLOW_ALL","serviceAccountEmail":"774475210821-compute@developer.gserviceaccount.com","availableMemory":"256Mi","maxInstanceRequestConcurrency":80,"availableCpu":"1"},"state":"UNKNOWN","labels":{"firebase-functions-hash":"c00aebec75c7a21b642515fca6d712eebee28193"},"stateMessages":[{"severity":"ERROR","type":"CloudRunServiceNotFound","message":"Cloud Run service projects/fruitsforyou-10acc/locations/us-central1/services/uploadfile for the function was not found. The function will not work correctly. Please redeploy."}],"environment":"GEN_2","url":"https://us-central1-fruitsforyou-10acc.cloudfunctions.net/uploadFile","satisfiesPzi":true},"stages":[{"name":"BUILD","message":"Build in progress","state":"IN_PROGRESS","resource":"projects/774475210821/locations/us-central1/builds/08efa15b-39b2-4f26-97a4-84f9193fa5e5","resourceUri":"https://console.cloud.google.com/cloud-build/builds;region=us-central1/08efa15b-39b2-4f26-97a4-84f9193fa5e5?project=774475210821"},{"name":"SERVICE","state":"NOT_STARTED"}],"operationType":"UPDATE_FUNCTION","buildName":"projects/774475210821/locations/us-central1/builds/08efa15b-39b2-4f26-97a4-84f9193fa5e5"},"done":false}
[debug] [2025-06-12T10:38:36.538Z] [update-default-us-central1-uploadFile] Retrying task index 0
[debug] [2025-06-12T10:38:36.539Z] Checked if tokens are valid: true, expires at: 1749725828431
[debug] [2025-06-12T10:38:36.539Z] Checked if tokens are valid: true, expires at: 1749725828431
[debug] [2025-06-12T10:38:36.540Z] >>> [apiv2][query] GET https://cloudfunctions.googleapis.com/v2/projects/fruitsforyou-10acc/locations/us-central1/operations/operation-1749724664093-6375d850edd02-2f4ff4b5-d293acda [none]
[debug] [2025-06-12T10:38:37.332Z] <<< [apiv2][status] GET https://cloudfunctions.googleapis.com/v2/projects/fruitsforyou-10acc/locations/us-central1/operations/operation-1749724664093-6375d850edd02-2f4ff4b5-d293acda 200
[debug] [2025-06-12T10:38:37.332Z] <<< [apiv2][body] GET https://cloudfunctions.googleapis.com/v2/projects/fruitsforyou-10acc/locations/us-central1/operations/operation-1749724664093-6375d850edd02-2f4ff4b5-d293acda {"name":"projects/fruitsforyou-10acc/locations/us-central1/operations/operation-1749724664093-6375d850edd02-2f4ff4b5-d293acda","metadata":{"@type":"type.googleapis.com/google.cloud.functions.v2.OperationMetadata","createTime":"2025-06-12T10:37:44.824441302Z","target":"projects/fruitsforyou-10acc/locations/us-central1/functions/uploadFile","verb":"update","cancelRequested":false,"apiVersion":"v2","requestResource":{"@type":"type.googleapis.com/google.cloud.functions.v2.Function","name":"projects/fruitsforyou-10acc/locations/us-central1/functions/uploadFile","buildConfig":{"runtime":"nodejs18","entryPoint":"uploadFile","source":{"storageSource":{"bucket":"gcf-v2-sources-774475210821-us-central1","object":"uploadFile/function-source.zip","generation":"1749724664768868"}},"environmentVariables":{"GOOGLE_NODE_RUN_SCRIPTS":""},"dockerRepository":"projects/fruitsforyou-10acc/locations/us-central1/repositories/gcf-artifacts","sourceProvenance":{"resolvedStorageSource":{"bucket":"gcf-v2-sources-774475210821-us-central1","object":"uploadFile/function-source.zip","generation":"1749723864426169"}},"dockerRegistry":"ARTIFACT_REGISTRY","serviceAccount":"projects/fruitsforyou-10acc/serviceAccounts/774475210821-compute@developer.gserviceaccount.com","automaticUpdatePolicy":{}},"serviceConfig":{"service":"projects/fruitsforyou-10acc/locations/us-central1/services/uploadfile","timeoutSeconds":60,"environmentVariables":{"FIREBASE_CONFIG":"{\"projectId\":\"fruitsforyou-10acc\",\"storageBucket\":\"fruitsforyou-10acc.firebasestorage.app\"}","GCLOUD_PROJECT":"fruitsforyou-10acc","EVENTARC_CLOUD_EVENT_SOURCE":"projects/fruitsforyou-10acc/locations/us-central1/services/uploadFile","FUNCTION_TARGET":"uploadFile","LOG_EXECUTION_ID":"true"},"ingressSettings":"ALLOW_ALL","serviceAccountEmail":"774475210821-compute@developer.gserviceaccount.com","availableMemory":"256Mi","maxInstanceRequestConcurrency":80,"availableCpu":"1"},"state":"UNKNOWN","labels":{"firebase-functions-hash":"c00aebec75c7a21b642515fca6d712eebee28193"},"stateMessages":[{"severity":"ERROR","type":"CloudRunServiceNotFound","message":"Cloud Run service projects/fruitsforyou-10acc/locations/us-central1/services/uploadfile for the function was not found. The function will not work correctly. Please redeploy."}],"environment":"GEN_2","url":"https://us-central1-fruitsforyou-10acc.cloudfunctions.net/uploadFile","satisfiesPzi":true},"stages":[{"name":"BUILD","message":"Build in progress","state":"IN_PROGRESS","resource":"projects/774475210821/locations/us-central1/builds/08efa15b-39b2-4f26-97a4-84f9193fa5e5","resourceUri":"https://console.cloud.google.com/cloud-build/builds;region=us-central1/08efa15b-39b2-4f26-97a4-84f9193fa5e5?project=774475210821"},{"name":"SERVICE","state":"NOT_STARTED"}],"operationType":"UPDATE_FUNCTION","buildName":"projects/774475210821/locations/us-central1/builds/08efa15b-39b2-4f26-97a4-84f9193fa5e5"},"done":false}
[debug] [2025-06-12T10:38:47.340Z] [update-default-us-central1-uploadFile] Retrying task index 0
[debug] [2025-06-12T10:38:47.340Z] Checked if tokens are valid: true, expires at: 1749725828431
[debug] [2025-06-12T10:38:47.340Z] Checked if tokens are valid: true, expires at: 1749725828431
[debug] [2025-06-12T10:38:47.340Z] >>> [apiv2][query] GET https://cloudfunctions.googleapis.com/v2/projects/fruitsforyou-10acc/locations/us-central1/operations/operation-1749724664093-6375d850edd02-2f4ff4b5-d293acda [none]
[debug] [2025-06-12T10:38:48.133Z] <<< [apiv2][status] GET https://cloudfunctions.googleapis.com/v2/projects/fruitsforyou-10acc/locations/us-central1/operations/operation-1749724664093-6375d850edd02-2f4ff4b5-d293acda 200
[debug] [2025-06-12T10:38:48.133Z] <<< [apiv2][body] GET https://cloudfunctions.googleapis.com/v2/projects/fruitsforyou-10acc/locations/us-central1/operations/operation-1749724664093-6375d850edd02-2f4ff4b5-d293acda {"name":"projects/fruitsforyou-10acc/locations/us-central1/operations/operation-1749724664093-6375d850edd02-2f4ff4b5-d293acda","metadata":{"@type":"type.googleapis.com/google.cloud.functions.v2.OperationMetadata","createTime":"2025-06-12T10:37:44.824441302Z","endTime":"2025-06-12T10:38:38.876697956Z","target":"projects/fruitsforyou-10acc/locations/us-central1/functions/uploadFile","verb":"update","cancelRequested":false,"apiVersion":"v2","requestResource":{"@type":"type.googleapis.com/google.cloud.functions.v2.Function","name":"projects/fruitsforyou-10acc/locations/us-central1/functions/uploadFile","buildConfig":{"runtime":"nodejs18","entryPoint":"uploadFile","source":{"storageSource":{"bucket":"gcf-v2-sources-774475210821-us-central1","object":"uploadFile/function-source.zip","generation":"1749724664768868"}},"environmentVariables":{"GOOGLE_NODE_RUN_SCRIPTS":""},"dockerRepository":"projects/fruitsforyou-10acc/locations/us-central1/repositories/gcf-artifacts","sourceProvenance":{"resolvedStorageSource":{"bucket":"gcf-v2-sources-774475210821-us-central1","object":"uploadFile/function-source.zip","generation":"1749723864426169"}},"dockerRegistry":"ARTIFACT_REGISTRY","serviceAccount":"projects/fruitsforyou-10acc/serviceAccounts/774475210821-compute@developer.gserviceaccount.com","automaticUpdatePolicy":{}},"serviceConfig":{"service":"projects/fruitsforyou-10acc/locations/us-central1/services/uploadfile","timeoutSeconds":60,"environmentVariables":{"FIREBASE_CONFIG":"{\"projectId\":\"fruitsforyou-10acc\",\"storageBucket\":\"fruitsforyou-10acc.firebasestorage.app\"}","GCLOUD_PROJECT":"fruitsforyou-10acc","EVENTARC_CLOUD_EVENT_SOURCE":"projects/fruitsforyou-10acc/locations/us-central1/services/uploadFile","FUNCTION_TARGET":"uploadFile","LOG_EXECUTION_ID":"true"},"ingressSettings":"ALLOW_ALL","serviceAccountEmail":"774475210821-compute@developer.gserviceaccount.com","availableMemory":"256Mi","maxInstanceRequestConcurrency":80,"availableCpu":"1"},"state":"UNKNOWN","labels":{"firebase-functions-hash":"c00aebec75c7a21b642515fca6d712eebee28193"},"stateMessages":[{"severity":"ERROR","type":"CloudRunServiceNotFound","message":"Cloud Run service projects/fruitsforyou-10acc/locations/us-central1/services/uploadfile for the function was not found. The function will not work correctly. Please redeploy."}],"environment":"GEN_2","url":"https://us-central1-fruitsforyou-10acc.cloudfunctions.net/uploadFile","satisfiesPzi":true},"stages":[{"name":"SERVICE","state":"NOT_STARTED"}],"operationType":"UPDATE_FUNCTION"},"done":true,"error":{"code":3,"message":"Build failed with status: FAILURE and message: npm error code EUSAGE\nnpm error\nnpm error `npm ci` can only install packages when your package.json and package-lock.json or npm-shrinkwrap.json are in sync. Please update your lock file with `npm install` before continuing.\nnpm error\nnpm error Invalid: lock file's firebase-admin@12.7.0 does not satisfy firebase-admin@11.11.1\nnpm error Invalid: lock file's firebase-functions@6.3.2 does not satisfy firebase-functions@4.9.0\nnpm error Invalid: lock file's @fastify/busboy@3.1.1 does not satisfy @fastify/busboy@1.2.1\nnpm error Invalid: lock file's @firebase/database-compat@1.0.8 does not satisfy @firebase/database-compat@0.3.4\nnpm error Invalid: lock file's @firebase/database-types@1.0.5 does not satisfy @firebase/database-types@0.10.4\nnpm error Invalid: lock file's @google-cloud/firestore@7.11.1 does not satisfy @google-cloud/firestore@6.8.0\nnpm error Invalid: lock file's @google-cloud/storage@7.16.0 does not satisfy @google-cloud/storage@6.12.0\nnpm error Invalid: lock file's uuid@10.0.0 does not satisfy uuid@9.0.1\nnpm error Missing: text-decoding@1.0.0 from lock file\nnpm error Invalid: lock file's @firebase/component@0.6.9 does not satisfy @firebase/component@0.6.4\nnpm error Invalid: lock file's @firebase/database@1.0.8 does not satisfy @firebase/database@0.14.4\nnpm error Invalid: lock file's @firebase/logger@0.4.2 does not satisfy @firebase/logger@0.4.0\nnpm error Invalid: lock file's @firebase/util@1.10.0 does not satisfy @firebase/util@1.9.3\nnpm error Invalid: lock file's @firebase/auth-interop-types@0.2.3 does not satisfy @firebase/auth-interop-types@0.2.1\nnpm error Invalid: lock file's @firebase/app-types@0.9.2 does not satisfy @firebase/app-types@0.9.0\nnpm error Invalid: lock file's google-gax@4.6.1 does not satisfy google-gax@3.6.1\nnpm error Invalid: lock file's @google-cloud/paginator@5.0.2 does not satisfy @google-cloud/paginator@3.0.7\nnpm error Invalid: lock file's @google-cloud/projectify@4.0.0 does not satisfy @google-cloud/projectify@3.0.0\nnpm error Invalid: lock file's @google-cloud/promisify@4.0.0 does not satisfy @google-cloud/promisify@3.0.1\nnpm error Missing: compressible@2.0.18 from lock file\nnpm error Missing: ent@2.2.2 from lock file\nnpm error Invalid: lock file's gaxios@6.7.1 does not satisfy gaxios@5.1.3\nnpm error Invalid: lock file's google-auth-library@9.15.1 does not satisfy google-auth-library@8.9.0\nnpm error Invalid: lock file's retry-request@7.0.2 does not satisfy retry-request@5.0.2\nnpm error Invalid: lock file's teeny-request@9.0.0 does not satisfy teeny-request@8.0.3\nnpm error Missing: punycode@1.4.1 from lock file\nnpm error Missing: @types/express@4.17.3 from lock file\nnpm error Invalid: lock file's https-proxy-agent@7.0.6 does not satisfy https-proxy-agent@5.0.1\nnpm error Missing: fast-text-encoding@1.0.6 from lock file\nnpm error Invalid: lock file's gcp-metadata@6.1.1 does not satisfy gcp-metadata@5.3.0\nnpm error Invalid: lock file's gtoken@7.1.0 does not satisfy gtoken@6.1.2\nnpm error Missing: lru-cache@6.0.0 from lock file\nnpm error Invalid: lock file's @grpc/grpc-js@1.13.4 does not satisfy @grpc/grpc-js@1.8.22\nnpm error Missing: @types/rimraf@3.0.2 from lock file\nnpm error Missing: is-stream-ended@0.1.4 from lock file\nnpm error Invalid: lock file's proto3-json-serializer@2.0.2 does not satisfy proto3-json-serializer@1.1.1\nnpm error Missing: protobufjs@7.2.4 from lock file\nnpm error Missing: protobufjs-cli@1.1.1 from lock file\nnpm error Missing: @types/glob@8.1.0 from lock file\nnpm error Missing: @types/minimatch@5.1.2 from lock file\nnpm error Missing: google-p12-pem@4.0.1 from lock file\nnpm error Invalid: lock file's agent-base@7.1.3 does not satisfy agent-base@6.0.2\nnpm error Missing: escodegen@1.14.3 from lock file\nnpm error Missing: estraverse@5.3.0 from lock file\nnpm error Missing: glob@8.1.0 from lock file\nnpm error Missing: jsdoc@4.0.4 from lock file\nnpm error Missing: tmp@0.2.3 from lock file\nnpm error Missing: uglify-js@3.19.3 from lock file\nnpm error Missing: optionator@0.8.3 from lock file\nnpm error Missing: @jsdoc/salty@0.2.9 from lock file\nnpm error Missing: @types/markdown-it@14.1.2 from lock file\nnpm error Missing: bluebird@3.7.2 from lock file\nnpm error Missing: catharsis@0.9.0 from lock file\nnpm error Missing: escape-string-regexp@2.0.0 from lock file\nnpm error Missing: js2xmlparser@4.0.2 from lock file\nnpm error Missing: klaw@3.0.0 from lock file\nnpm error Missing: markdown-it@14.1.0 from lock file\nnpm error Missing: markdown-it-anchor@8.6.7 from lock file\nnpm error Missing: marked@4.3.0 from lock file\nnpm error Missing: mkdirp@1.0.4 from lock file\nnpm error Missing: requizzle@0.2.4 from lock file\nnpm error Missing: underscore@1.13.7 from lock file\nnpm error Missing: @types/linkify-it@5.0.0 from lock file\nnpm error Missing: @types/mdurl@2.0.0 from lock file\nnpm error Missing: xmlcreate@2.0.4 from lock file\nnpm error Missing: entities@4.5.0 from lock file\nnpm error Missing: linkify-it@5.0.0 from lock file\nnpm error Missing: mdurl@2.0.0 from lock file\nnpm error Missing: punycode.js@2.3.1 from lock file\nnpm error Missing: uc.micro@2.1.0 from lock file\nnpm error Missing: levn@0.3.0 from lock file\nnpm error Missing: prelude-ls@1.1.2 from lock file\nnpm error Missing: type-check@0.3.2 from lock file\nnpm error Missing: yallist@4.0.0 from lock file\nnpm error Missing: minimatch@5.1.6 from lock file\nnpm error Missing: brace-expansion@2.0.2 from lock file\nnpm error\nnpm error Clean install a project\nnpm error\nnpm error Usage:\nnpm error npm ci\nnpm error\nnpm error Options:\nnpm error [--install-strategy <hoisted|nested|shallow|linked>] [--legacy-bundling]\nnpm error [--global-style] [--omit <dev|optional|peer> [--omit <dev|optional|peer> ...]]\nnpm error [--include <prod|dev|optional|peer> [--include <prod|dev|optional|peer> ...]]\nnpm error [--strict-peer-deps] [--foreground-scripts] [--ignore-scripts] [--no-audit]\nnpm error [--no-bin-links] [--no-fund] [--dry-run]\nnpm error [-w|--workspace <workspace-name> [-w|--workspace <workspace-name> ...]]\nnpm error [-ws|--workspaces] [--include-workspace-root] [--install-links]\nnpm error\nnpm error aliases: clean-install, ic, install-clean, isntall-clean\nnpm error\nnpm error Run \"npm help ci\" for more info\nnpm error A complete log of this run can be found in: /www-data-home/.npm/_logs/2025-06-12T10_38_12_553Z-debug-0.log. For more details see the logs at https://console.cloud.google.com/cloud-build/builds;region=us-central1/08efa15b-39b2-4f26-97a4-84f9193fa5e5?project=774475210821."}}
[debug] [2025-06-12T10:38:48.133Z] Got source token undefined for region us-central1
[error] Build failed with status: FAILURE and message: npm error code EUSAGE
npm error
npm error `npm ci` can only install packages when your package.json and package-lock.json or npm-shrinkwrap.json are in sync. Please update your lock file with `npm install` before continuing.
npm error
npm error Invalid: lock file's firebase-admin@12.7.0 does not satisfy firebase-admin@11.11.1
npm error Invalid: lock file's firebase-functions@6.3.2 does not satisfy firebase-functions@4.9.0
npm error Invalid: lock file's @fastify/busboy@3.1.1 does not satisfy @fastify/busboy@1.2.1
npm error Invalid: lock file's @firebase/database-compat@1.0.8 does not satisfy @firebase/database-compat@0.3.4
npm error Invalid: lock file's @firebase/database-types@1.0.5 does not satisfy @firebase/database-types@0.10.4
npm error Invalid: lock file's @google-cloud/firestore@7.11.1 does not satisfy @google-cloud/firestore@6.8.0
npm error Invalid: lock file's @google-cloud/storage@7.16.0 does not satisfy @google-cloud/storage@6.12.0
npm error Invalid: lock file's uuid@10.0.0 does not satisfy uuid@9.0.1
npm error Missing: text-decoding@1.0.0 from lock file
npm error Invalid: lock file's @firebase/component@0.6.9 does not satisfy @firebase/component@0.6.4
npm error Invalid: lock file's @firebase/database@1.0.8 does not satisfy @firebase/database@0.14.4
npm error Invalid: lock file's @firebase/logger@0.4.2 does not satisfy @firebase/logger@0.4.0
npm error Invalid: lock file's @firebase/util@1.10.0 does not satisfy @firebase/util@1.9.3
npm error Invalid: lock file's @firebase/auth-interop-types@0.2.3 does not satisfy @firebase/auth-interop-types@0.2.1
npm error Invalid: lock file's @firebase/app-types@0.9.2 does not satisfy @firebase/app-types@0.9.0
npm error Invalid: lock file's google-gax@4.6.1 does not satisfy google-gax@3.6.1
npm error Invalid: lock file's @google-cloud/paginator@5.0.2 does not satisfy @google-cloud/paginator@3.0.7
npm error Invalid: lock file's @google-cloud/projectify@4.0.0 does not satisfy @google-cloud/projectify@3.0.0
npm error Invalid: lock file's @google-cloud/promisify@4.0.0 does not satisfy @google-cloud/promisify@3.0.1
npm error Missing: compressible@2.0.18 from lock file
npm error Missing: ent@2.2.2 from lock file
npm error Invalid: lock file's gaxios@6.7.1 does not satisfy gaxios@5.1.3
npm error Invalid: lock file's google-auth-library@9.15.1 does not satisfy google-auth-library@8.9.0
npm error Invalid: lock file's retry-request@7.0.2 does not satisfy retry-request@5.0.2
npm error Invalid: lock file's teeny-request@9.0.0 does not satisfy teeny-request@8.0.3
npm error Missing: punycode@1.4.1 from lock file
npm error Missing: @types/express@4.17.3 from lock file
npm error Invalid: lock file's https-proxy-agent@7.0.6 does not satisfy https-proxy-agent@5.0.1
npm error Missing: fast-text-encoding@1.0.6 from lock file
npm error Invalid: lock file's gcp-metadata@6.1.1 does not satisfy gcp-metadata@5.3.0
npm error Invalid: lock file's gtoken@7.1.0 does not satisfy gtoken@6.1.2
npm error Missing: lru-cache@6.0.0 from lock file
npm error Invalid: lock file's @grpc/grpc-js@1.13.4 does not satisfy @grpc/grpc-js@1.8.22
npm error Missing: @types/rimraf@3.0.2 from lock file
npm error Missing: is-stream-ended@0.1.4 from lock file
npm error Invalid: lock file's proto3-json-serializer@2.0.2 does not satisfy proto3-json-serializer@1.1.1
npm error Missing: protobufjs@7.2.4 from lock file
npm error Missing: protobufjs-cli@1.1.1 from lock file
npm error Missing: @types/glob@8.1.0 from lock file
npm error Missing: @types/minimatch@5.1.2 from lock file
npm error Missing: google-p12-pem@4.0.1 from lock file
npm error Invalid: lock file's agent-base@7.1.3 does not satisfy agent-base@6.0.2
npm error Missing: escodegen@1.14.3 from lock file
npm error Missing: estraverse@5.3.0 from lock file
npm error Missing: glob@8.1.0 from lock file
npm error Missing: jsdoc@4.0.4 from lock file
npm error Missing: tmp@0.2.3 from lock file
npm error Missing: uglify-js@3.19.3 from lock file
npm error Missing: optionator@0.8.3 from lock file
npm error Missing: @jsdoc/salty@0.2.9 from lock file
npm error Missing: @types/markdown-it@14.1.2 from lock file
npm error Missing: bluebird@3.7.2 from lock file
npm error Missing: catharsis@0.9.0 from lock file
npm error Missing: escape-string-regexp@2.0.0 from lock file
npm error Missing: js2xmlparser@4.0.2 from lock file
npm error Missing: klaw@3.0.0 from lock file
npm error Missing: markdown-it@14.1.0 from lock file
npm error Missing: markdown-it-anchor@8.6.7 from lock file
npm error Missing: marked@4.3.0 from lock file
npm error Missing: mkdirp@1.0.4 from lock file
npm error Missing: requizzle@0.2.4 from lock file
npm error Missing: underscore@1.13.7 from lock file
npm error Missing: @types/linkify-it@5.0.0 from lock file
npm error Missing: @types/mdurl@2.0.0 from lock file
npm error Missing: xmlcreate@2.0.4 from lock file
npm error Missing: entities@4.5.0 from lock file
npm error Missing: linkify-it@5.0.0 from lock file
npm error Missing: mdurl@2.0.0 from lock file
npm error Missing: punycode.js@2.3.1 from lock file
npm error Missing: uc.micro@2.1.0 from lock file
npm error Missing: levn@0.3.0 from lock file
npm error Missing: prelude-ls@1.1.2 from lock file
npm error Missing: type-check@0.3.2 from lock file
npm error Missing: yallist@4.0.0 from lock file
npm error Missing: minimatch@5.1.6 from lock file
npm error Missing: brace-expansion@2.0.2 from lock file
npm error
npm error Clean install a project
npm error
npm error Usage:
npm error npm ci
npm error
npm error Options:
npm error [--install-strategy <hoisted|nested|shallow|linked>] [--legacy-bundling]
npm error [--global-style] [--omit <dev|optional|peer> [--omit <dev|optional|peer> ...]]
npm error [--include <prod|dev|optional|peer> [--include <prod|dev|optional|peer> ...]]
npm error [--strict-peer-deps] [--foreground-scripts] [--ignore-scripts] [--no-audit]
npm error [--no-bin-links] [--no-fund] [--dry-run]
npm error [-w|--workspace <workspace-name> [-w|--workspace <workspace-name> ...]]
npm error [-ws|--workspaces] [--include-workspace-root] [--install-links]
npm error
npm error aliases: clean-install, ic, install-clean, isntall-clean
npm error
npm error Run "npm help ci" for more info
npm error A complete log of this run can be found in: /www-data-home/.npm/_logs/2025-06-12T10_38_12_553Z-debug-0.log. For more details see the logs at https://console.cloud.google.com/cloud-build/builds;region=us-central1/08efa15b-39b2-4f26-97a4-84f9193fa5e5?project=774475210821.
[debug] [2025-06-12T10:38:48.151Z] Total Function Deployment time: 64820
[debug] [2025-06-12T10:38:48.152Z] 1 Functions Deployed
[debug] [2025-06-12T10:38:48.152Z] 1 Functions Errored
[debug] [2025-06-12T10:38:48.152Z] 0 Function Deployments Aborted
[debug] [2025-06-12T10:38:48.152Z] Average Function Deployment time: 64818
[info] 
[info] Functions deploy had errors with the following functions:
	uploadFile(us-central1)
[debug] [2025-06-12T10:38:48.301Z] Not printing URL for HTTPS function. Typically this means it didn't match a filter or we failed deployment
[debug] [2025-06-12T10:38:48.301Z] Checked if tokens are valid: true, expires at: 1749725828431
[debug] [2025-06-12T10:38:48.301Z] Checked if tokens are valid: true, expires at: 1749725828431
[debug] [2025-06-12T10:38:48.301Z] >>> [apiv2][query] GET https://artifactregistry.googleapis.com/v1/projects/fruitsforyou-10acc/locations/us-central1/repositories/gcf-artifacts [none]
[debug] [2025-06-12T10:38:49.138Z] <<< [apiv2][status] GET https://artifactregistry.googleapis.com/v1/projects/fruitsforyou-10acc/locations/us-central1/repositories/gcf-artifacts 200
[debug] [2025-06-12T10:38:49.138Z] <<< [apiv2][body] GET https://artifactregistry.googleapis.com/v1/projects/fruitsforyou-10acc/locations/us-central1/repositories/gcf-artifacts {"name":"projects/fruitsforyou-10acc/locations/us-central1/repositories/gcf-artifacts","format":"DOCKER","description":"This repository is created and used by Cloud Functions for storing function docker images.","labels":{"goog-managed-by":"cloudfunctions"},"createTime":"2025-06-12T10:24:33.168078Z","updateTime":"2025-06-12T10:36:53.615409Z","mode":"STANDARD_REPOSITORY","cleanupPolicies":{"firebase-functions-cleanup":{"id":"firebase-functions-cleanup","action":"DELETE","condition":{"tagState":"ANY","olderThan":"604800s"}}},"vulnerabilityScanningConfig":{"lastEnableTime":"2025-06-12T10:24:24.897131038Z","enablementState":"SCANNING_DISABLED","enablementStateReason":"API containerscanning.googleapis.com is not enabled."},"satisfiesPzi":true,"registryUri":"us-central1-docker.pkg.dev/fruitsforyou-10acc/gcf-artifacts"}
[debug] [2025-06-12T10:38:49.139Z] Functions deploy failed.
[debug] [2025-06-12T10:38:49.139Z] {
  "endpoint": {
    "id": "uploadFile",
    "project": "fruitsforyou-10acc",
    "region": "us-central1",
    "entryPoint": "uploadFile",
    "platform": "gcfv2",
    "runtime": "nodejs18",
    "httpsTrigger": {},
    "labels": {
      "deployment-tool": "cli-firebase"
    },
    "serviceAccount": null,
    "ingressSettings": null,
    "availableMemoryMb": null,
    "timeoutSeconds": null,
    "maxInstances": null,
    "minInstances": null,
    "concurrency": 80,
    "vpc": null,
    "environmentVariables": {
      "FIREBASE_CONFIG": "{\"projectId\":\"fruitsforyou-10acc\",\"storageBucket\":\"fruitsforyou-10acc.firebasestorage.app\"}",
      "GCLOUD_PROJECT": "fruitsforyou-10acc",
      "EVENTARC_CLOUD_EVENT_SOURCE": "projects/fruitsforyou-10acc/locations/us-central1/services/uploadFile"
    },
    "codebase": "default",
    "securityLevel": "SECURE_ALWAYS",
    "cpu": 1,
    "targetedByOnly": true,
    "hash": "c00aebec75c7a21b642515fca6d712eebee28193"
  },
  "op": "update",
  "original": {
    "name": "FirebaseError",
    "children": [],
    "exit": 1,
    "message": "Build failed with status: FAILURE and message: npm error code EUSAGE\nnpm error\nnpm error `npm ci` can only install packages when your package.json and package-lock.json or npm-shrinkwrap.json are in sync. Please update your lock file with `npm install` before continuing.\nnpm error\nnpm error Invalid: lock file's firebase-admin@12.7.0 does not satisfy firebase-admin@11.11.1\nnpm error Invalid: lock file's firebase-functions@6.3.2 does not satisfy firebase-functions@4.9.0\nnpm error Invalid: lock file's @fastify/busboy@3.1.1 does not satisfy @fastify/busboy@1.2.1\nnpm error Invalid: lock file's @firebase/database-compat@1.0.8 does not satisfy @firebase/database-compat@0.3.4\nnpm error Invalid: lock file's @firebase/database-types@1.0.5 does not satisfy @firebase/database-types@0.10.4\nnpm error Invalid: lock file's @google-cloud/firestore@7.11.1 does not satisfy @google-cloud/firestore@6.8.0\nnpm error Invalid: lock file's @google-cloud/storage@7.16.0 does not satisfy @google-cloud/storage@6.12.0\nnpm error Invalid: lock file's uuid@10.0.0 does not satisfy uuid@9.0.1\nnpm error Missing: text-decoding@1.0.0 from lock file\nnpm error Invalid: lock file's @firebase/component@0.6.9 does not satisfy @firebase/component@0.6.4\nnpm error Invalid: lock file's @firebase/database@1.0.8 does not satisfy @firebase/database@0.14.4\nnpm error Invalid: lock file's @firebase/logger@0.4.2 does not satisfy @firebase/logger@0.4.0\nnpm error Invalid: lock file's @firebase/util@1.10.0 does not satisfy @firebase/util@1.9.3\nnpm error Invalid: lock file's @firebase/auth-interop-types@0.2.3 does not satisfy @firebase/auth-interop-types@0.2.1\nnpm error Invalid: lock file's @firebase/app-types@0.9.2 does not satisfy @firebase/app-types@0.9.0\nnpm error Invalid: lock file's google-gax@4.6.1 does not satisfy google-gax@3.6.1\nnpm error Invalid: lock file's @google-cloud/paginator@5.0.2 does not satisfy @google-cloud/paginator@3.0.7\nnpm error Invalid: lock file's @google-cloud/projectify@4.0.0 does not satisfy @google-cloud/projectify@3.0.0\nnpm error Invalid: lock file's @google-cloud/promisify@4.0.0 does not satisfy @google-cloud/promisify@3.0.1\nnpm error Missing: compressible@2.0.18 from lock file\nnpm error Missing: ent@2.2.2 from lock file\nnpm error Invalid: lock file's gaxios@6.7.1 does not satisfy gaxios@5.1.3\nnpm error Invalid: lock file's google-auth-library@9.15.1 does not satisfy google-auth-library@8.9.0\nnpm error Invalid: lock file's retry-request@7.0.2 does not satisfy retry-request@5.0.2\nnpm error Invalid: lock file's teeny-request@9.0.0 does not satisfy teeny-request@8.0.3\nnpm error Missing: punycode@1.4.1 from lock file\nnpm error Missing: @types/express@4.17.3 from lock file\nnpm error Invalid: lock file's https-proxy-agent@7.0.6 does not satisfy https-proxy-agent@5.0.1\nnpm error Missing: fast-text-encoding@1.0.6 from lock file\nnpm error Invalid: lock file's gcp-metadata@6.1.1 does not satisfy gcp-metadata@5.3.0\nnpm error Invalid: lock file's gtoken@7.1.0 does not satisfy gtoken@6.1.2\nnpm error Missing: lru-cache@6.0.0 from lock file\nnpm error Invalid: lock file's @grpc/grpc-js@1.13.4 does not satisfy @grpc/grpc-js@1.8.22\nnpm error Missing: @types/rimraf@3.0.2 from lock file\nnpm error Missing: is-stream-ended@0.1.4 from lock file\nnpm error Invalid: lock file's proto3-json-serializer@2.0.2 does not satisfy proto3-json-serializer@1.1.1\nnpm error Missing: protobufjs@7.2.4 from lock file\nnpm error Missing: protobufjs-cli@1.1.1 from lock file\nnpm error Missing: @types/glob@8.1.0 from lock file\nnpm error Missing: @types/minimatch@5.1.2 from lock file\nnpm error Missing: google-p12-pem@4.0.1 from lock file\nnpm error Invalid: lock file's agent-base@7.1.3 does not satisfy agent-base@6.0.2\nnpm error Missing: escodegen@1.14.3 from lock file\nnpm error Missing: estraverse@5.3.0 from lock file\nnpm error Missing: glob@8.1.0 from lock file\nnpm error Missing: jsdoc@4.0.4 from lock file\nnpm error Missing: tmp@0.2.3 from lock file\nnpm error Missing: uglify-js@3.19.3 from lock file\nnpm error Missing: optionator@0.8.3 from lock file\nnpm error Missing: @jsdoc/salty@0.2.9 from lock file\nnpm error Missing: @types/markdown-it@14.1.2 from lock file\nnpm error Missing: bluebird@3.7.2 from lock file\nnpm error Missing: catharsis@0.9.0 from lock file\nnpm error Missing: escape-string-regexp@2.0.0 from lock file\nnpm error Missing: js2xmlparser@4.0.2 from lock file\nnpm error Missing: klaw@3.0.0 from lock file\nnpm error Missing: markdown-it@14.1.0 from lock file\nnpm error Missing: markdown-it-anchor@8.6.7 from lock file\nnpm error Missing: marked@4.3.0 from lock file\nnpm error Missing: mkdirp@1.0.4 from lock file\nnpm error Missing: requizzle@0.2.4 from lock file\nnpm error Missing: underscore@1.13.7 from lock file\nnpm error Missing: @types/linkify-it@5.0.0 from lock file\nnpm error Missing: @types/mdurl@2.0.0 from lock file\nnpm error Missing: xmlcreate@2.0.4 from lock file\nnpm error Missing: entities@4.5.0 from lock file\nnpm error Missing: linkify-it@5.0.0 from lock file\nnpm error Missing: mdurl@2.0.0 from lock file\nnpm error Missing: punycode.js@2.3.1 from lock file\nnpm error Missing: uc.micro@2.1.0 from lock file\nnpm error Missing: levn@0.3.0 from lock file\nnpm error Missing: prelude-ls@1.1.2 from lock file\nnpm error Missing: type-check@0.3.2 from lock file\nnpm error Missing: yallist@4.0.0 from lock file\nnpm error Missing: minimatch@5.1.6 from lock file\nnpm error Missing: brace-expansion@2.0.2 from lock file\nnpm error\nnpm error Clean install a project\nnpm error\nnpm error Usage:\nnpm error npm ci\nnpm error\nnpm error Options:\nnpm error [--install-strategy <hoisted|nested|shallow|linked>] [--legacy-bundling]\nnpm error [--global-style] [--omit <dev|optional|peer> [--omit <dev|optional|peer> ...]]\nnpm error [--include <prod|dev|optional|peer> [--include <prod|dev|optional|peer> ...]]\nnpm error [--strict-peer-deps] [--foreground-scripts] [--ignore-scripts] [--no-audit]\nnpm error [--no-bin-links] [--no-fund] [--dry-run]\nnpm error [-w|--workspace <workspace-name> [-w|--workspace <workspace-name> ...]]\nnpm error [-ws|--workspaces] [--include-workspace-root] [--install-links]\nnpm error\nnpm error aliases: clean-install, ic, install-clean, isntall-clean\nnpm error\nnpm error Run \"npm help ci\" for more info\nnpm error A complete log of this run can be found in: /www-data-home/.npm/_logs/2025-06-12T10_38_12_553Z-debug-0.log. For more details see the logs at https://console.cloud.google.com/cloud-build/builds;region=us-central1/08efa15b-39b2-4f26-97a4-84f9193fa5e5?project=774475210821.",
    "original": {
      "code": 3,
      "message": "Build failed with status: FAILURE and message: npm error code EUSAGE\nnpm error\nnpm error `npm ci` can only install packages when your package.json and package-lock.json or npm-shrinkwrap.json are in sync. Please update your lock file with `npm install` before continuing.\nnpm error\nnpm error Invalid: lock file's firebase-admin@12.7.0 does not satisfy firebase-admin@11.11.1\nnpm error Invalid: lock file's firebase-functions@6.3.2 does not satisfy firebase-functions@4.9.0\nnpm error Invalid: lock file's @fastify/busboy@3.1.1 does not satisfy @fastify/busboy@1.2.1\nnpm error Invalid: lock file's @firebase/database-compat@1.0.8 does not satisfy @firebase/database-compat@0.3.4\nnpm error Invalid: lock file's @firebase/database-types@1.0.5 does not satisfy @firebase/database-types@0.10.4\nnpm error Invalid: lock file's @google-cloud/firestore@7.11.1 does not satisfy @google-cloud/firestore@6.8.0\nnpm error Invalid: lock file's @google-cloud/storage@7.16.0 does not satisfy @google-cloud/storage@6.12.0\nnpm error Invalid: lock file's uuid@10.0.0 does not satisfy uuid@9.0.1\nnpm error Missing: text-decoding@1.0.0 from lock file\nnpm error Invalid: lock file's @firebase/component@0.6.9 does not satisfy @firebase/component@0.6.4\nnpm error Invalid: lock file's @firebase/database@1.0.8 does not satisfy @firebase/database@0.14.4\nnpm error Invalid: lock file's @firebase/logger@0.4.2 does not satisfy @firebase/logger@0.4.0\nnpm error Invalid: lock file's @firebase/util@1.10.0 does not satisfy @firebase/util@1.9.3\nnpm error Invalid: lock file's @firebase/auth-interop-types@0.2.3 does not satisfy @firebase/auth-interop-types@0.2.1\nnpm error Invalid: lock file's @firebase/app-types@0.9.2 does not satisfy @firebase/app-types@0.9.0\nnpm error Invalid: lock file's google-gax@4.6.1 does not satisfy google-gax@3.6.1\nnpm error Invalid: lock file's @google-cloud/paginator@5.0.2 does not satisfy @google-cloud/paginator@3.0.7\nnpm error Invalid: lock file's @google-cloud/projectify@4.0.0 does not satisfy @google-cloud/projectify@3.0.0\nnpm error Invalid: lock file's @google-cloud/promisify@4.0.0 does not satisfy @google-cloud/promisify@3.0.1\nnpm error Missing: compressible@2.0.18 from lock file\nnpm error Missing: ent@2.2.2 from lock file\nnpm error Invalid: lock file's gaxios@6.7.1 does not satisfy gaxios@5.1.3\nnpm error Invalid: lock file's google-auth-library@9.15.1 does not satisfy google-auth-library@8.9.0\nnpm error Invalid: lock file's retry-request@7.0.2 does not satisfy retry-request@5.0.2\nnpm error Invalid: lock file's teeny-request@9.0.0 does not satisfy teeny-request@8.0.3\nnpm error Missing: punycode@1.4.1 from lock file\nnpm error Missing: @types/express@4.17.3 from lock file\nnpm error Invalid: lock file's https-proxy-agent@7.0.6 does not satisfy https-proxy-agent@5.0.1\nnpm error Missing: fast-text-encoding@1.0.6 from lock file\nnpm error Invalid: lock file's gcp-metadata@6.1.1 does not satisfy gcp-metadata@5.3.0\nnpm error Invalid: lock file's gtoken@7.1.0 does not satisfy gtoken@6.1.2\nnpm error Missing: lru-cache@6.0.0 from lock file\nnpm error Invalid: lock file's @grpc/grpc-js@1.13.4 does not satisfy @grpc/grpc-js@1.8.22\nnpm error Missing: @types/rimraf@3.0.2 from lock file\nnpm error Missing: is-stream-ended@0.1.4 from lock file\nnpm error Invalid: lock file's proto3-json-serializer@2.0.2 does not satisfy proto3-json-serializer@1.1.1\nnpm error Missing: protobufjs@7.2.4 from lock file\nnpm error Missing: protobufjs-cli@1.1.1 from lock file\nnpm error Missing: @types/glob@8.1.0 from lock file\nnpm error Missing: @types/minimatch@5.1.2 from lock file\nnpm error Missing: google-p12-pem@4.0.1 from lock file\nnpm error Invalid: lock file's agent-base@7.1.3 does not satisfy agent-base@6.0.2\nnpm error Missing: escodegen@1.14.3 from lock file\nnpm error Missing: estraverse@5.3.0 from lock file\nnpm error Missing: glob@8.1.0 from lock file\nnpm error Missing: jsdoc@4.0.4 from lock file\nnpm error Missing: tmp@0.2.3 from lock file\nnpm error Missing: uglify-js@3.19.3 from lock file\nnpm error Missing: optionator@0.8.3 from lock file\nnpm error Missing: @jsdoc/salty@0.2.9 from lock file\nnpm error Missing: @types/markdown-it@14.1.2 from lock file\nnpm error Missing: bluebird@3.7.2 from lock file\nnpm error Missing: catharsis@0.9.0 from lock file\nnpm error Missing: escape-string-regexp@2.0.0 from lock file\nnpm error Missing: js2xmlparser@4.0.2 from lock file\nnpm error Missing: klaw@3.0.0 from lock file\nnpm error Missing: markdown-it@14.1.0 from lock file\nnpm error Missing: markdown-it-anchor@8.6.7 from lock file\nnpm error Missing: marked@4.3.0 from lock file\nnpm error Missing: mkdirp@1.0.4 from lock file\nnpm error Missing: requizzle@0.2.4 from lock file\nnpm error Missing: underscore@1.13.7 from lock file\nnpm error Missing: @types/linkify-it@5.0.0 from lock file\nnpm error Missing: @types/mdurl@2.0.0 from lock file\nnpm error Missing: xmlcreate@2.0.4 from lock file\nnpm error Missing: entities@4.5.0 from lock file\nnpm error Missing: linkify-it@5.0.0 from lock file\nnpm error Missing: mdurl@2.0.0 from lock file\nnpm error Missing: punycode.js@2.3.1 from lock file\nnpm error Missing: uc.micro@2.1.0 from lock file\nnpm error Missing: levn@0.3.0 from lock file\nnpm error Missing: prelude-ls@1.1.2 from lock file\nnpm error Missing: type-check@0.3.2 from lock file\nnpm error Missing: yallist@4.0.0 from lock file\nnpm error Missing: minimatch@5.1.6 from lock file\nnpm error Missing: brace-expansion@2.0.2 from lock file\nnpm error\nnpm error Clean install a project\nnpm error\nnpm error Usage:\nnpm error npm ci\nnpm error\nnpm error Options:\nnpm error [--install-strategy <hoisted|nested|shallow|linked>] [--legacy-bundling]\nnpm error [--global-style] [--omit <dev|optional|peer> [--omit <dev|optional|peer> ...]]\nnpm error [--include <prod|dev|optional|peer> [--include <prod|dev|optional|peer> ...]]\nnpm error [--strict-peer-deps] [--foreground-scripts] [--ignore-scripts] [--no-audit]\nnpm error [--no-bin-links] [--no-fund] [--dry-run]\nnpm error [-w|--workspace <workspace-name> [-w|--workspace <workspace-name> ...]]\nnpm error [-ws|--workspaces] [--include-workspace-root] [--install-links]\nnpm error\nnpm error aliases: clean-install, ic, install-clean, isntall-clean\nnpm error\nnpm error Run \"npm help ci\" for more info\nnpm error A complete log of this run can be found in: /www-data-home/.npm/_logs/2025-06-12T10_38_12_553Z-debug-0.log. For more details see the logs at https://console.cloud.google.com/cloud-build/builds;region=us-central1/08efa15b-39b2-4f26-97a4-84f9193fa5e5?project=774475210821."
    },
    "status": 3,
    "code": 3
  }
}
[debug] [2025-06-12T10:38:49.200Z] Error: Failed to update function uploadFile in region us-central1
    at C:\Users\dell\AppData\Roaming\npm\node_modules\firebase-tools\lib\deploy\functions\release\fabricator.js:399:19
    at process.processTicksAndRejections (node:internal/process/task_queues:105:5)
    at async Fabricator.updateV2Function (C:\Users\dell\AppData\Roaming\npm\node_modules\firebase-tools\lib\deploy\functions\release\fabricator.js:388:32)
    at async Fabricator.updateEndpoint (C:\Users\dell\AppData\Roaming\npm\node_modules\firebase-tools\lib\deploy\functions\release\fabricator.js:155:13)
    at async handle (C:\Users\dell\AppData\Roaming\npm\node_modules\firebase-tools\lib\deploy\functions\release\fabricator.js:89:17)
[error] 
[error] Error: There was an error deploying functions
